Company Name,Website,Phone,Email,Address,Owner,Employees,Annual Revenue
Solaray Energy,https://solaray.com.au,(02) 9555-0123,info@solaray.com.au,"Unit 18, 939 Market St, Parramatta NSW 2000",John Smith,20-200,$1M-$10M
SunPower Direct,https://sunpowerdirect.com.au,1300 786 769,sales@sunpowerdirect.com.au,"Unit 6, 704 Miller St, Sydney NSW 2000",John Smith,5-10,$1M-$10M
Green Energy Solutions,https://greenenergysolutions.com.au,(02) 9876-5432,contact@greenenergysolutions.com.au,"Unit 9, 116 Market St, Ryde NSW 2000",Emma Wilson,100-50,$1M-$20M
Solar Masters,https://solar masters.com.au,(02) 9123-4567,info@solar masters.com.au,"Unit 15, 448 Miller St, West Ryde NSW 2000",Sarah Johnson,15-30,$5M-$20M
EcoSolar Australia,https://ecosolar.com.au,1800 326 765,support@ecosolar.com.au,"Unit 2, 984 Market St, Chatswood NSW 2000",Lisa Brown,15-50,$1M-$10M
Solar Tech NSW,https://solartechnsw.com.au,(02) 9654-3210,hello@solartechnsw.com.au,"Unit 14, 819 Clarence St, Castle Hill NSW 2000",Nina Patel,15-10,$1M-$20M
Renewable Power Co,https://renewablepowerco.com.au,(02) 9321-6547,info@renewablepowerco.com.au,"Unit 10, 31 Market St, North Sydney NSW 2000",Michael Chen,50-100,$10M-$20M
Solar Solutions Plus,https://solarsolutionsplus.com.au,(02) 9789-0123,sales@solarsolutionsplus.com.au,"Unit 10, 385 Miller St, Epping NSW 2000",Emily Davis,25-50,$10M-$20M
Clean Energy Experts,https://cleanenergyexperts.com.au,1300 456 789,contact@cleanenergyexperts.com.au,"Unit 18, 795 Market St, Sydney NSW 2000",David Lee,15-10,$10M-$20M
Solar Install Pros,https://solarinstallpros.com.au,(02) 9456-7890,info@solarinstallpros.com.au,"Unit 12, 888 George St, Sydney NSW 2000",Oliver Garcia,20-20,$5M-$2M
Solar Tech NSW Solutions NSW 45,https://solartechnsw.com.au,(62) 6877-6604,info@company0.com.au,"Unit 41, 937 George St, Willoughby NSW 2069",Sarah Johnson,20-100,$5M-$5M
Clean Energy Experts Systems Aus 38,https://cleanenergyexperts.com.au,(52) 8077-1710,info@company1.com.au,"Unit 2, 845 Pennant St, Burwood NSW 2034",David Lee,50-50,$1M-$5M
SunPower Direct Tech 17,https://sunpowerdirect.com.au,(52) 4209-9382,info@company2.com.au,"Unit 23, 83 George St, Homebush NSW 2083",Rachel Green,5-30,$2M-$10M
Green Energy Solutions Solutions Aus 47,https://greenenergysolutions.com.au,(72) 9920-3575,info@company3.com.au,"Unit 28, 392 Miller St, West Ryde NSW 2176",Robert Kim,20-10,$1M-$5M
Renewable Power Co Power NSW 16,https://renewablepowerco.com.au,(32) 5055-7953,info@company4.com.au,"Unit 9, 913 Clarence St, Sydney NSW 2042",Sarah Johnson,10-100,$5M-$10M
Solar Install Pros Energy NSW 44,https://solarinstallpros.com.au,(92) 7294-1226,info@company5.com.au,"Unit 13, 568 Pacific Hwy, West Ryde NSW 2156",James Taylor,50-100,$10M-$2M
Solar Install Pros Power 26,https://solarinstallpros.com.au,(82) 5146-3527,info@company6.com.au,"Unit 36, 116 Pennant St, Castle Hill NSW 2029",Oliver Garcia,10-50,$5M-$5M
Solar Masters Tech 45,https://solar masters.com.au,(42) 9441-3958,info@company7.com.au,"Unit 31, 529 George St, Castle Hill NSW 2071",Sarah Johnson,10-50,$5M-$2M
Clean Energy Experts Power Sydney 36,https://cleanenergyexperts.com.au,(92) 4045-8554,info@company8.com.au,"Unit 45, 928 Liverpool St, Chatswood NSW 2115",James Taylor,50-30,$5M-$5M
SunPower Direct Corp 19,https://sunpowerdirect.com.au,(32) 2073-5900,info@company9.com.au,"Unit 10, 776 Market St, North Sydney NSW 2136",Sarah Johnson,5-30,$1M-$20M
Green Energy Solutions Systems Sydney 20,https://greenenergysolutions.com.au,(32) 2265-7589,info@company10.com.au,"Unit 14, 236 Market St, West Ryde NSW 2189",Michael Chen,5-10,$10M-$2M
Solar Tech NSW Group Aus 10,https://solartechnsw.com.au,(32) 7137-4432,info@company11.com.au,"Unit 39, 425 Market St, Burwood NSW 2110",Emma Wilson,20-100,$10M-$2M
Clean Energy Experts Power Aus 6,https://cleanenergyexperts.com.au,(52) 7340-2370,info@company12.com.au,"Unit 19, 646 Pacific Hwy, Epping NSW 2058",Nina Patel,50-10,$10M-$5M
SunPower Direct Systems Aus 9,https://sunpowerdirect.com.au,(92) 8491-5076,info@company13.com.au,"Unit 33, 927 Miller St, Ryde NSW 2170",Oliver Garcia,10-10,$5M-$5M
Solar Tech NSW Systems 35,https://solartechnsw.com.au,(82) 7821-2220,info@company14.com.au,"Unit 41, 383 Miller St, Ryde NSW 2100",Michael Chen,50-10,$10M-$2M
Solaray Energy Systems NSW 16,https://solaray.com.au,(22) 3177-5042,info@company15.com.au,"Unit 19, 804 Clarence St, West Ryde NSW 2071",Tom Anderson,20-100,$1M-$5M
Renewable Power Co Corp Aus 46,https://renewablepowerco.com.au,(62) 7340-7513,info@company16.com.au,"Unit 11, 696 Sussex St, West Ryde NSW 2030",Emma Wilson,50-30,$10M-$5M
Green Energy Solutions Energy Sydney 17,https://greenenergysolutions.com.au,(32) 3438-3910,info@company17.com.au,"Unit 15, 658 Liverpool St, Lane Cove NSW 2059",Lisa Brown,5-10,$5M-$2M
Solar Masters Solutions 50,https://solar masters.com.au,(72) 4814-6096,info@company18.com.au,"Unit 36, 314 Victoria Rd, Burwood NSW 2172",Lisa Brown,20-100,$1M-$5M
Solar Solutions Plus Solutions NSW 41,https://solarsolutionsplus.com.au,(22) 8571-8916,info@company19.com.au,"Unit 3, 852 Liverpool St, Chatswood NSW 2105",James Taylor,5-10,$1M-$2M
Renewable Power Co Energy 39,https://renewablepowerco.com.au,(22) 9072-8765,info@company20.com.au,"Unit 29, 966 Liverpool St, Lane Cove NSW 2072",John Smith,50-100,$5M-$20M
Renewable Power Co Energy Aus 32,https://renewablepowerco.com.au,(92) 8507-3871,info@company21.com.au,"Unit 3, 293 Miller St, Macquarie Park NSW 2101",Nina Patel,20-100,$2M-$2M
Clean Energy Experts Systems Aus 17,https://cleanenergyexperts.com.au,(22) 5584-6838,info@company22.com.au,"Unit 27, 446 Pacific Hwy, Strathfield NSW 2150",Michael Chen,20-50,$5M-$2M
Renewable Power Co Corp Sydney 49,https://renewablepowerco.com.au,(52) 2732-9450,info@company23.com.au,"Unit 25, 462 Market St, Parramatta NSW 2196",Sarah Johnson,20-30,$10M-$5M
Clean Energy Experts Corp Aus 29,https://cleanenergyexperts.com.au,(32) 8779-2059,info@company24.com.au,"Unit 9, 394 Victoria Rd, Chatswood NSW 2086",David Lee,10-50,$5M-$10M
Solar Solutions Plus Group Sydney 28,https://solarsolutionsplus.com.au,(52) 6946-4273,info@company25.com.au,"Unit 29, 661 Clarence St, Epping NSW 2040",John Smith,50-50,$2M-$5M
Solar Masters Systems 7,https://solar masters.com.au,(22) 1131-2112,info@company26.com.au,"Unit 19, 948 Pitt St, Ryde NSW 2113",John Smith,10-30,$10M-$20M
Solar Masters Group Aus 5,https://solar masters.com.au,(22) 9651-6988,info@company27.com.au,"Unit 48, 321 Sussex St, Olympic Park NSW 2003",Emily Davis,20-10,$1M-$20M
Clean Energy Experts Group Aus 21,https://cleanenergyexperts.com.au,(72) 6539-5478,info@company28.com.au,"Unit 6, 945 George St, Willoughby NSW 2002",Daniel White,5-50,$10M-$5M
Solar Install Pros Tech Sydney 28,https://solarinstallpros.com.au,(82) 8383-7866,info@company29.com.au,"Unit 40, 204 Miller St, Sydney NSW 2185",Daniel White,20-30,$10M-$20M
Solar Install Pros Solutions Aus 15,https://solarinstallpros.com.au,(22) 1898-6203,info@company30.com.au,"Unit 29, 399 Sussex St, Castle Hill NSW 2133",Lisa Brown,10-50,$1M-$5M
Solaray Energy Systems Sydney 27,https://solaray.com.au,(82) 2321-5525,info@company31.com.au,"Unit 22, 846 Clarence St, North Sydney NSW 2036",Emily Davis,20-50,$2M-$2M
Renewable Power Co Group Sydney 29,https://renewablepowerco.com.au,(82) 5815-7264,info@company32.com.au,"Unit 19, 341 Pennant St, Epping NSW 2037",Tom Anderson,20-30,$5M-$5M
Solaray Energy Systems 2,https://solaray.com.au,(32) 8523-6828,info@company33.com.au,"Unit 50, 333 Market St, North Sydney NSW 2044",Michael Chen,50-50,$2M-$5M
Solar Masters Power Sydney 25,https://solar masters.com.au,(52) 5151-2339,info@company34.com.au,"Unit 21, 769 Victoria Rd, Ryde NSW 2155",Oliver Garcia,50-30,$2M-$20M
Solar Tech NSW Tech Sydney 14,https://solartechnsw.com.au,(52) 1009-2522,info@company35.com.au,"Unit 22, 178 Pennant St, Sydney NSW 2139",Sophia Martinez,5-50,$2M-$5M
Green Energy Solutions Systems NSW 15,https://greenenergysolutions.com.au,(82) 3426-3447,info@company36.com.au,"Unit 1, 604 George St, Ryde NSW 2175",Emily Davis,50-10,$1M-$10M
SunPower Direct Solutions Sydney 34,https://sunpowerdirect.com.au,(32) 7160-4699,info@company37.com.au,"Unit 22, 843 George St, Willoughby NSW 2151",Nina Patel,10-50,$5M-$20M
Clean Energy Experts Power 50,https://cleanenergyexperts.com.au,(52) 2710-4354,info@company38.com.au,"Unit 10, 624 Clarence St, Macquarie Park NSW 2162",Michael Chen,10-30,$10M-$10M
Solar Solutions Plus Tech 4,https://solarsolutionsplus.com.au,(72) 6580-7580,info@company39.com.au,"Unit 18, 979 Liverpool St, Castle Hill NSW 2084",Emma Wilson,20-30,$2M-$5M
SunPower Direct Corp NSW 31,https://sunpowerdirect.com.au,(32) 7288-8113,info@company40.com.au,"Unit 41, 779 Clarence St, West Ryde NSW 2083",Sophia Martinez,5-100,$5M-$5M
Solaray Energy Systems Aus 30,https://solaray.com.au,(52) 1154-9223,info@company41.com.au,"Unit 26, 630 Pitt St, Sydney NSW 2099",Sarah Johnson,20-30,$2M-$10M
Green Energy Solutions Systems Sydney 12,https://greenenergysolutions.com.au,(72) 3275-9935,info@company42.com.au,"Unit 34, 164 George St, Olympic Park NSW 2137",Tom Anderson,5-10,$2M-$10M
Solar Install Pros Group NSW 15,https://solarinstallpros.com.au,(82) 5730-4400,info@company43.com.au,"Unit 50, 453 Pitt St, Epping NSW 2166",Emma Wilson,20-50,$5M-$5M
Solar Install Pros Power Sydney 36,https://solarinstallpros.com.au,(22) 1979-7099,info@company44.com.au,"Unit 46, 895 Sussex St, Parramatta NSW 2128",Sophia Martinez,50-10,$10M-$10M
SunPower Direct Systems NSW 48,https://sunpowerdirect.com.au,(32) 3939-5206,info@company45.com.au,"Unit 37, 581 Pacific Hwy, Willoughby NSW 2160",Emily Davis,10-10,$2M-$5M
Clean Energy Experts Systems NSW 20,https://cleanenergyexperts.com.au,(32) 9678-5626,info@company46.com.au,"Unit 40, 323 Liverpool St, Strathfield NSW 2058",Daniel White,5-50,$2M-$10M
Renewable Power Co Power NSW 48,https://renewablepowerco.com.au,(52) 9875-4419,info@company47.com.au,"Unit 33, 338 George St, West Ryde NSW 2137",James Taylor,10-10,$10M-$10M
Renewable Power Co Solutions NSW 27,https://renewablepowerco.com.au,(22) 9852-5026,info@company48.com.au,"Unit 35, 145 Victoria Rd, Parramatta NSW 2137",John Smith,5-100,$10M-$10M
EcoSolar Australia Energy Aus 8,https://ecosolar.com.au,(42) 4056-9726,info@company49.com.au,"Unit 16, 20 Miller St, Macquarie Park NSW 2148",Sophia Martinez,20-10,$2M-$20M
Solar Masters Corp Sydney 33,https://solar masters.com.au,(72) 3283-8568,info@company50.com.au,"Unit 4, 931 Pacific Hwy, Burwood NSW 2024",David Lee,50-50,$1M-$10M
Solar Install Pros Tech Sydney 23,https://solarinstallpros.com.au,(92) 5570-8669,info@company51.com.au,"Unit 35, 959 George St, Strathfield NSW 2177",Emily Davis,50-10,$2M-$5M
Solar Tech NSW Tech 42,https://solartechnsw.com.au,(22) 8152-9025,info@company52.com.au,"Unit 12, 371 Sussex St, North Sydney NSW 2143",Oliver Garcia,10-10,$1M-$5M
Solar Tech NSW Power 4,https://solartechnsw.com.au,(72) 6249-4319,info@company53.com.au,"Unit 25, 928 Pennant St, Epping NSW 2099",Sophia Martinez,50-100,$5M-$2M
Solar Install Pros Energy Sydney 27,https://solarinstallpros.com.au,(52) 4621-6134,info@company54.com.au,"Unit 46, 463 Market St, Strathfield NSW 2068",Michael Chen,50-100,$1M-$10M
Renewable Power Co Power 14,https://renewablepowerco.com.au,(82) 5570-9060,info@company55.com.au,"Unit 45, 933 Pacific Hwy, Chatswood NSW 2080",James Taylor,5-30,$5M-$10M
SunPower Direct Solutions Aus 19,https://sunpowerdirect.com.au,(52) 8022-8392,info@company56.com.au,"Unit 30, 768 Victoria Rd, Castle Hill NSW 2159",David Lee,5-30,$2M-$10M
EcoSolar Australia Corp 30,https://ecosolar.com.au,(72) 9632-5031,info@company57.com.au,"Unit 17, 882 Pennant St, Lane Cove NSW 2092",Nina Patel,50-100,$1M-$10M
Clean Energy Experts Power 29,https://cleanenergyexperts.com.au,(62) 6843-5878,info@company58.com.au,"Unit 39, 175 Victoria Rd, Macquarie Park NSW 2179",Nina Patel,50-30,$1M-$20M
Clean Energy Experts Corp 15,https://cleanenergyexperts.com.au,(92) 5066-8048,info@company59.com.au,"Unit 38, 878 Miller St, Strathfield NSW 2181",David Lee,10-10,$5M-$5M
Green Energy Solutions Energy Aus 44,https://greenenergysolutions.com.au,(32) 3726-1353,info@company60.com.au,"Unit 18, 219 Market St, West Ryde NSW 2140",Sarah Johnson,50-10,$5M-$20M
Clean Energy Experts Energy NSW 35,https://cleanenergyexperts.com.au,(82) 9477-2186,info@company61.com.au,"Unit 24, 909 Miller St, Castle Hill NSW 2086",Daniel White,20-50,$1M-$10M
Solar Install Pros Systems Aus 38,https://solarinstallpros.com.au,(62) 7998-7208,info@company62.com.au,"Unit 9, 273 Clarence St, Castle Hill NSW 2126",Rachel Green,50-30,$2M-$5M
EcoSolar Australia Power Sydney 27,https://ecosolar.com.au,(22) 3862-7988,info@company63.com.au,"Unit 38, 918 Pacific Hwy, Chatswood NSW 2139",Emily Davis,10-30,$2M-$2M
SunPower Direct Systems NSW 5,https://sunpowerdirect.com.au,(62) 4565-7465,info@company64.com.au,"Unit 3, 511 Pitt St, Sydney NSW 2058",James Taylor,50-10,$1M-$20M
EcoSolar Australia Solutions Sydney 10,https://ecosolar.com.au,(72) 6383-7524,info@company65.com.au,"Unit 39, 458 Liverpool St, Strathfield NSW 2092",Nina Patel,10-10,$2M-$2M
Solar Masters Energy Aus 5,https://solar masters.com.au,(52) 3577-2124,info@company66.com.au,"Unit 42, 735 George St, North Sydney NSW 2057",Lisa Brown,50-30,$5M-$5M
EcoSolar Australia Tech 44,https://ecosolar.com.au,(52) 6049-3367,info@company67.com.au,"Unit 16, 293 Sussex St, Castle Hill NSW 2138",Oliver Garcia,5-50,$10M-$10M
Renewable Power Co Tech NSW 43,https://renewablepowerco.com.au,(22) 3252-1538,info@company68.com.au,"Unit 27, 755 Pacific Hwy, Willoughby NSW 2000",Lisa Brown,10-10,$2M-$20M
Solaray Energy Corp Sydney 12,https://solaray.com.au,(52) 4387-7858,info@company69.com.au,"Unit 8, 635 Sussex St, North Sydney NSW 2039",James Taylor,20-50,$2M-$5M
Solar Tech NSW Power 15,https://solartechnsw.com.au,(42) 2455-8334,info@company70.com.au,"Unit 35, 44 Victoria Rd, Sydney NSW 2140",Michael Chen,50-50,$2M-$5M
Clean Energy Experts Group NSW 6,https://cleanenergyexperts.com.au,(52) 3620-7697,info@company71.com.au,"Unit 27, 581 George St, Ryde NSW 2043",John Smith,5-10,$2M-$10M
Solar Masters Corp Aus 32,https://solar masters.com.au,(32) 1691-2671,info@company72.com.au,"Unit 33, 844 Pennant St, Ryde NSW 2092",Michael Chen,10-100,$1M-$2M
Solar Install Pros Solutions 39,https://solarinstallpros.com.au,(82) 9345-3654,info@company73.com.au,"Unit 29, 50 Sussex St, Olympic Park NSW 2127",Robert Kim,50-30,$1M-$5M
Green Energy Solutions Power Aus 50,https://greenenergysolutions.com.au,(32) 5182-9752,info@company74.com.au,"Unit 29, 235 Pitt St, Lane Cove NSW 2110",Michael Chen,50-30,$10M-$20M
Solar Solutions Plus Solutions Sydney 43,https://solarsolutionsplus.com.au,(62) 6188-7979,info@company75.com.au,"Unit 11, 565 Pacific Hwy, Castle Hill NSW 2126",Emily Davis,50-10,$5M-$20M
Solar Tech NSW Systems Sydney 25,https://solartechnsw.com.au,(72) 9014-4501,info@company76.com.au,"Unit 10, 15 Pacific Hwy, Epping NSW 2119",James Taylor,50-30,$10M-$20M
Solar Masters Energy NSW 5,https://solar masters.com.au,(62) 8303-9764,info@company77.com.au,"Unit 12, 883 Clarence St, Olympic Park NSW 2088",Lisa Brown,20-10,$10M-$5M
Solaray Energy Solutions NSW 45,https://solaray.com.au,(22) 6923-4585,info@company78.com.au,"Unit 11, 388 Market St, Strathfield NSW 2199",Sophia Martinez,20-30,$2M-$2M
Green Energy Solutions Energy Sydney 19,https://greenenergysolutions.com.au,(92) 9724-5850,info@company79.com.au,"Unit 4, 665 Market St, Castle Hill NSW 2027",James Taylor,5-10,$1M-$5M
Renewable Power Co Energy Sydney 21,https://renewablepowerco.com.au,(72) 6597-4331,info@company80.com.au,"Unit 19, 919 Clarence St, Castle Hill NSW 2191",John Smith,10-50,$10M-$2M
SunPower Direct Power Aus 42,https://sunpowerdirect.com.au,(62) 1427-3612,info@company81.com.au,"Unit 41, 438 Pitt St, Chatswood NSW 2103",Robert Kim,50-30,$2M-$2M
Solar Install Pros Energy NSW 5,https://solarinstallpros.com.au,(52) 9940-3740,info@company82.com.au,"Unit 32, 876 Pitt St, North Sydney NSW 2083",Sophia Martinez,20-50,$1M-$10M
Green Energy Solutions Tech NSW 28,https://greenenergysolutions.com.au,(22) 8879-6563,info@company83.com.au,"Unit 27, 29 Clarence St, Burwood NSW 2175",Lisa Brown,50-30,$5M-$2M
Solar Install Pros Solutions 11,https://solarinstallpros.com.au,(32) 8136-2730,info@company84.com.au,"Unit 37, 501 Market St, Castle Hill NSW 2188",Daniel White,50-50,$10M-$10M
Renewable Power Co Systems Aus 3,https://renewablepowerco.com.au,(62) 7946-4706,info@company85.com.au,"Unit 34, 881 Pennant St, North Sydney NSW 2063",Sophia Martinez,5-10,$5M-$10M
Solar Tech NSW Energy NSW 25,https://solartechnsw.com.au,(82) 4199-9930,info@company86.com.au,"Unit 32, 843 Clarence St, Willoughby NSW 2102",Emily Davis,50-100,$1M-$2M
Solar Masters Corp Sydney 12,https://solar masters.com.au,(32) 8510-5703,info@company87.com.au,"Unit 1, 499 Pitt St, Macquarie Park NSW 2133",Michael Chen,5-100,$10M-$5M
Solar Install Pros Solutions Sydney 34,https://solarinstallpros.com.au,(22) 8991-6766,info@company88.com.au,"Unit 20, 388 Clarence St, Sydney NSW 2109",Tom Anderson,5-10,$10M-$20M
Solar Masters Power Aus 2,https://solar masters.com.au,(62) 2078-6054,info@company89.com.au,"Unit 9, 38 Miller St, Olympic Park NSW 2151",Daniel White,5-30,$1M-$5M
Solar Solutions Plus Systems Sydney 26,https://solarsolutionsplus.com.au,(42) 6317-5007,info@company90.com.au,"Unit 37, 415 George St, Macquarie Park NSW 2121",Daniel White,10-30,$1M-$5M
Solar Tech NSW Systems Aus 41,https://solartechnsw.com.au,(82) 9264-3961,info@company91.com.au,"Unit 9, 773 Miller St, Olympic Park NSW 2064",Nina Patel,10-100,$5M-$2M
Solar Masters Group NSW 41,https://solar masters.com.au,(52) 2150-7304,info@company92.com.au,"Unit 29, 147 Pacific Hwy, Ryde NSW 2036",Oliver Garcia,20-50,$1M-$5M
Green Energy Solutions Solutions NSW 15,https://greenenergysolutions.com.au,(62) 9729-7316,info@company93.com.au,"Unit 30, 85 Victoria Rd, Olympic Park NSW 2151",Rachel Green,5-30,$2M-$5M
EcoSolar Australia Group Sydney 13,https://ecosolar.com.au,(62) 8651-7797,info@company94.com.au,"Unit 34, 723 Liverpool St, Parramatta NSW 2031",Oliver Garcia,5-10,$10M-$2M
Solar Masters Power NSW 21,https://solar masters.com.au,(62) 5213-3237,info@company95.com.au,"Unit 49, 475 Clarence St, Olympic Park NSW 2156",David Lee,10-10,$10M-$2M
Clean Energy Experts Corp Aus 24,https://cleanenergyexperts.com.au,(32) 8542-3131,info@company96.com.au,"Unit 35, 756 Miller St, Willoughby NSW 2105",Michael Chen,10-100,$2M-$10M
Solar Install Pros Power NSW 12,https://solarinstallpros.com.au,(32) 8852-2482,info@company97.com.au,"Unit 12, 409 Liverpool St, Lane Cove NSW 2062",Emily Davis,50-50,$10M-$20M
SunPower Direct Corp Sydney 16,https://sunpowerdirect.com.au,(82) 6263-6806,info@company98.com.au,"Unit 24, 911 Miller St, Epping NSW 2015",James Taylor,5-100,$10M-$10M
Solar Tech NSW Tech NSW 8,https://solartechnsw.com.au,(32) 8660-5355,info@company99.com.au,"Unit 32, 2 Miller St, Ryde NSW 2004",Oliver Garcia,10-50,$10M-$10M
EcoSolar Australia Power Aus 29,https://ecosolar.com.au,(42) 2351-9190,info@company100.com.au,"Unit 39, 850 Clarence St, Burwood NSW 2180",Oliver Garcia,50-10,$10M-$20M
Clean Energy Experts Group NSW 14,https://cleanenergyexperts.com.au,(82) 2072-8490,info@company101.com.au,"Unit 23, 983 Pennant St, Ryde NSW 2119",Oliver Garcia,20-30,$10M-$20M
Solar Tech NSW Solutions NSW 7,https://solartechnsw.com.au,(82) 8357-6555,info@company102.com.au,"Unit 49, 9 Pennant St, Homebush NSW 2147",David Lee,20-30,$1M-$10M
SunPower Direct Systems 39,https://sunpowerdirect.com.au,(52) 3061-1284,info@company103.com.au,"Unit 41, 637 Pacific Hwy, Sydney NSW 2167",Lisa Brown,10-30,$2M-$10M
Solaray Energy Energy Aus 27,https://solaray.com.au,(42) 6188-3982,info@company104.com.au,"Unit 41, 190 Sussex St, Sydney NSW 2081",James Taylor,20-30,$10M-$5M
Solar Install Pros Power 3,https://solarinstallpros.com.au,(32) 1761-9905,info@company105.com.au,"Unit 20, 436 Clarence St, Burwood NSW 2183",Lisa Brown,10-10,$10M-$20M
Solar Tech NSW Corp NSW 25,https://solartechnsw.com.au,(42) 1011-1024,info@company106.com.au,"Unit 24, 266 Victoria Rd, Epping NSW 2065",Nina Patel,5-30,$2M-$2M
Clean Energy Experts Systems 42,https://cleanenergyexperts.com.au,(32) 7565-7181,info@company107.com.au,"Unit 41, 690 Miller St, Willoughby NSW 2040",Sophia Martinez,20-30,$10M-$2M
Solar Tech NSW Corp Sydney 15,https://solartechnsw.com.au,(82) 1680-7018,info@company108.com.au,"Unit 28, 932 Liverpool St, North Sydney NSW 2181",Robert Kim,20-30,$5M-$20M
Clean Energy Experts Group Aus 24,https://cleanenergyexperts.com.au,(62) 6801-1566,info@company109.com.au,"Unit 8, 319 George St, Willoughby NSW 2200",Emily Davis,20-100,$1M-$20M
Solar Solutions Plus Group 2,https://solarsolutionsplus.com.au,(42) 9963-3679,info@company110.com.au,"Unit 49, 391 Sussex St, Homebush NSW 2188",James Taylor,5-50,$5M-$10M
Solar Install Pros Solutions Aus 9,https://solarinstallpros.com.au,(52) 2966-9438,info@company111.com.au,"Unit 38, 112 Market St, Homebush NSW 2173",Sophia Martinez,20-10,$5M-$10M
SunPower Direct Group 19,https://sunpowerdirect.com.au,(82) 3151-7339,info@company112.com.au,"Unit 41, 946 Victoria Rd, Willoughby NSW 2114",David Lee,50-30,$5M-$10M
Solar Install Pros Systems Sydney 11,https://solarinstallpros.com.au,(52) 4634-8231,info@company113.com.au,"Unit 39, 271 Clarence St, Macquarie Park NSW 2164",Oliver Garcia,20-30,$1M-$20M
Solaray Energy Systems 25,https://solaray.com.au,(62) 8397-2396,info@company114.com.au,"Unit 2, 976 Pacific Hwy, Ryde NSW 2103",Emma Wilson,20-10,$2M-$2M
Renewable Power Co Energy 18,https://renewablepowerco.com.au,(82) 8381-3710,info@company115.com.au,"Unit 3, 9 Market St, North Sydney NSW 2088",Emily Davis,50-10,$10M-$2M
Green Energy Solutions Systems 32,https://greenenergysolutions.com.au,(32) 1140-1108,info@company116.com.au,"Unit 15, 724 Pacific Hwy, Sydney NSW 2002",Robert Kim,5-50,$10M-$5M
EcoSolar Australia Systems 23,https://ecosolar.com.au,(32) 6985-9148,info@company117.com.au,"Unit 37, 809 Pitt St, Chatswood NSW 2104",John Smith,10-10,$5M-$2M
Solaray Energy Energy NSW 30,https://solaray.com.au,(32) 8378-6425,info@company118.com.au,"Unit 6, 868 Miller St, Homebush NSW 2110",Daniel White,20-50,$1M-$20M
EcoSolar Australia Tech Sydney 34,https://ecosolar.com.au,(92) 9058-6375,info@company119.com.au,"Unit 16, 216 Pacific Hwy, Willoughby NSW 2045",Emily Davis,20-100,$5M-$5M
Renewable Power Co Power Aus 44,https://renewablepowerco.com.au,(52) 1908-5047,info@company120.com.au,"Unit 13, 995 Sussex St, Willoughby NSW 2188",Nina Patel,20-100,$2M-$5M
Green Energy Solutions Solutions Sydney 49,https://greenenergysolutions.com.au,(32) 1407-3680,info@company121.com.au,"Unit 1, 422 Clarence St, Parramatta NSW 2117",Daniel White,50-30,$5M-$2M
Solar Install Pros Systems Sydney 44,https://solarinstallpros.com.au,(32) 7706-2905,info@company122.com.au,"Unit 25, 65 Pacific Hwy, North Sydney NSW 2165",Oliver Garcia,5-50,$2M-$5M
Renewable Power Co Corp Sydney 33,https://renewablepowerco.com.au,(32) 3065-3428,info@company123.com.au,"Unit 40, 555 Victoria Rd, Sydney NSW 2146",James Taylor,50-10,$2M-$10M
EcoSolar Australia Solutions NSW 6,https://ecosolar.com.au,(82) 8464-6915,info@company124.com.au,"Unit 24, 518 Pitt St, West Ryde NSW 2135",James Taylor,50-100,$1M-$5M
Renewable Power Co Group Sydney 6,https://renewablepowerco.com.au,(52) 6860-4855,info@company125.com.au,"Unit 16, 886 Liverpool St, Olympic Park NSW 2157",Tom Anderson,20-50,$2M-$20M
Solaray Energy Energy Aus 4,https://solaray.com.au,(22) 4347-1595,info@company126.com.au,"Unit 22, 38 Pitt St, West Ryde NSW 2111",Nina Patel,20-100,$2M-$10M
Solar Tech NSW Power 32,https://solartechnsw.com.au,(52) 3365-6241,info@company127.com.au,"Unit 36, 992 Liverpool St, Olympic Park NSW 2147",Emma Wilson,50-50,$5M-$2M
Solar Install Pros Group Sydney 21,https://solarinstallpros.com.au,(52) 3070-4557,info@company128.com.au,"Unit 10, 688 Victoria Rd, Sydney NSW 2091",John Smith,5-10,$2M-$20M
Solar Install Pros Corp Sydney 24,https://solarinstallpros.com.au,(92) 8919-9102,info@company129.com.au,"Unit 14, 184 Clarence St, Parramatta NSW 2191",Tom Anderson,20-30,$2M-$5M
Clean Energy Experts Energy Aus 34,https://cleanenergyexperts.com.au,(52) 4119-3414,info@company130.com.au,"Unit 24, 193 Liverpool St, Burwood NSW 2094",Emma Wilson,5-50,$2M-$2M
Renewable Power Co Group Aus 4,https://renewablepowerco.com.au,(52) 5627-1320,info@company131.com.au,"Unit 48, 558 Pacific Hwy, Castle Hill NSW 2031",Nina Patel,10-50,$1M-$2M
Solar Solutions Plus Energy 9,https://solarsolutionsplus.com.au,(42) 1928-1179,info@company132.com.au,"Unit 2, 411 Clarence St, Chatswood NSW 2167",Rachel Green,5-10,$1M-$20M
Clean Energy Experts Systems Aus 29,https://cleanenergyexperts.com.au,(62) 8624-6916,info@company133.com.au,"Unit 18, 584 Pacific Hwy, Sydney NSW 2165",Sophia Martinez,5-100,$1M-$5M
Solaray Energy Systems Sydney 49,https://solaray.com.au,(42) 6334-4163,info@company134.com.au,"Unit 1, 886 Clarence St, Macquarie Park NSW 2099",Tom Anderson,5-10,$2M-$2M
Green Energy Solutions Tech NSW 12,https://greenenergysolutions.com.au,(32) 1300-9874,info@company135.com.au,"Unit 3, 928 Pacific Hwy, Epping NSW 2036",Lisa Brown,5-30,$5M-$10M
Solar Install Pros Solutions Sydney 13,https://solarinstallpros.com.au,(62) 9588-1878,info@company136.com.au,"Unit 22, 185 George St, Strathfield NSW 2027",Sophia Martinez,20-50,$10M-$20M
Solaray Energy Solutions Aus 31,https://solaray.com.au,(42) 1623-7736,info@company137.com.au,"Unit 3, 854 Pennant St, Lane Cove NSW 2026",Robert Kim,20-100,$5M-$20M
Solar Install Pros Corp Aus 13,https://solarinstallpros.com.au,(92) 4446-6399,info@company138.com.au,"Unit 13, 411 Market St, Strathfield NSW 2003",Sarah Johnson,10-100,$5M-$5M
Solar Masters Tech Sydney 40,https://solar masters.com.au,(62) 8333-2500,info@company139.com.au,"Unit 9, 453 Pennant St, Castle Hill NSW 2113",Robert Kim,10-10,$5M-$5M
Solar Tech NSW Systems 10,https://solartechnsw.com.au,(72) 4677-6183,info@company140.com.au,"Unit 47, 171 Miller St, Willoughby NSW 2010",Sophia Martinez,5-100,$5M-$2M
Solar Install Pros Tech NSW 49,https://solarinstallpros.com.au,(42) 9819-5718,info@company141.com.au,"Unit 25, 370 George St, Strathfield NSW 2156",Robert Kim,50-100,$2M-$10M
Solar Solutions Plus Energy Sydney 34,https://solarsolutionsplus.com.au,(92) 9600-7734,info@company142.com.au,"Unit 47, 709 Liverpool St, Epping NSW 2104",Daniel White,10-10,$2M-$5M
Clean Energy Experts Corp NSW 30,https://cleanenergyexperts.com.au,(42) 7960-9315,info@company143.com.au,"Unit 27, 33 Pacific Hwy, Chatswood NSW 2168",Oliver Garcia,5-100,$10M-$5M
Solar Solutions Plus Systems 38,https://solarsolutionsplus.com.au,(42) 6871-2311,info@company144.com.au,"Unit 47, 194 Clarence St, Olympic Park NSW 2071",David Lee,50-50,$10M-$2M
Solar Solutions Plus Tech Sydney 16,https://solarsolutionsplus.com.au,(72) 5819-6046,info@company145.com.au,"Unit 33, 726 Pacific Hwy, Castle Hill NSW 2138",Nina Patel,5-100,$5M-$10M
SunPower Direct Group Aus 27,https://sunpowerdirect.com.au,(52) 2286-4276,info@company146.com.au,"Unit 35, 288 Clarence St, North Sydney NSW 2063",Nina Patel,50-30,$1M-$10M
Solar Solutions Plus Solutions NSW 17,https://solarsolutionsplus.com.au,(42) 6193-8675,info@company147.com.au,"Unit 40, 87 Market St, Castle Hill NSW 2005",Nina Patel,5-10,$2M-$20M
Clean Energy Experts Solutions 26,https://cleanenergyexperts.com.au,(52) 5887-8798,info@company148.com.au,"Unit 28, 615 Market St, West Ryde NSW 2046",Tom Anderson,5-30,$5M-$10M
Solar Install Pros Solutions Aus 12,https://solarinstallpros.com.au,(52) 1297-6396,info@company149.com.au,"Unit 7, 932 George St, Epping NSW 2185",Emily Davis,5-30,$5M-$20M
Solar Tech NSW Systems Sydney 44,https://solartechnsw.com.au,(32) 8145-6165,info@company150.com.au,"Unit 14, 952 Pacific Hwy, Parramatta NSW 2043",Emma Wilson,20-50,$1M-$20M
EcoSolar Australia Group NSW 48,https://ecosolar.com.au,(72) 7464-3295,info@company151.com.au,"Unit 31, 315 Liverpool St, Burwood NSW 2135",Daniel White,20-100,$5M-$20M
Solar Solutions Plus Power 22,https://solarsolutionsplus.com.au,(52) 4038-5642,info@company152.com.au,"Unit 49, 578 Clarence St, North Sydney NSW 2142",Tom Anderson,10-50,$5M-$20M
Solaray Energy Tech 37,https://solaray.com.au,(42) 6709-9951,info@company153.com.au,"Unit 45, 578 George St, North Sydney NSW 2085",Rachel Green,50-10,$1M-$2M
Solar Solutions Plus Systems Aus 10,https://solarsolutionsplus.com.au,(72) 1999-2072,info@company154.com.au,"Unit 43, 783 Liverpool St, West Ryde NSW 2196",Sophia Martinez,5-10,$10M-$10M
Solaray Energy Solutions 24,https://solaray.com.au,(52) 1914-9850,info@company155.com.au,"Unit 27, 535 Pacific Hwy, Castle Hill NSW 2069",James Taylor,5-30,$5M-$20M
Solar Tech NSW Energy NSW 29,https://solartechnsw.com.au,(62) 5798-3890,info@company156.com.au,"Unit 22, 25 Liverpool St, Macquarie Park NSW 2063",Oliver Garcia,5-30,$5M-$2M
Solaray Energy Tech Sydney 25,https://solaray.com.au,(42) 7135-1742,info@company157.com.au,"Unit 34, 322 Market St, Lane Cove NSW 2077",Emma Wilson,10-100,$1M-$10M
Clean Energy Experts Group Sydney 50,https://cleanenergyexperts.com.au,(52) 4734-7912,info@company158.com.au,"Unit 7, 200 Pitt St, North Sydney NSW 2034",Sarah Johnson,5-10,$10M-$20M
Solar Tech NSW Power NSW 43,https://solartechnsw.com.au,(82) 9757-8683,info@company159.com.au,"Unit 18, 831 Pennant St, Willoughby NSW 2171",Robert Kim,50-10,$1M-$20M
Solar Install Pros Power Sydney 37,https://solarinstallpros.com.au,(62) 1784-5903,info@company160.com.au,"Unit 42, 589 Miller St, Castle Hill NSW 2085",Emma Wilson,5-10,$5M-$20M
Green Energy Solutions Group 48,https://greenenergysolutions.com.au,(42) 9805-4215,info@company161.com.au,"Unit 37, 758 Sussex St, Macquarie Park NSW 2140",Oliver Garcia,20-50,$1M-$2M
Green Energy Solutions Tech Sydney 26,https://greenenergysolutions.com.au,(62) 8167-2602,info@company162.com.au,"Unit 31, 737 Victoria Rd, North Sydney NSW 2055",Sarah Johnson,10-30,$5M-$10M
Solar Masters Power Sydney 36,https://solar masters.com.au,(62) 1626-5532,info@company163.com.au,"Unit 28, 957 Pennant St, Sydney NSW 2111",John Smith,10-100,$1M-$20M
EcoSolar Australia Corp NSW 11,https://ecosolar.com.au,(62) 2772-5501,info@company164.com.au,"Unit 38, 719 Miller St, North Sydney NSW 2105",Rachel Green,10-50,$2M-$5M
EcoSolar Australia Group NSW 39,https://ecosolar.com.au,(22) 9297-2888,info@company165.com.au,"Unit 46, 221 Miller St, Lane Cove NSW 2161",Sophia Martinez,10-100,$5M-$2M
Solaray Energy Corp 2,https://solaray.com.au,(22) 2935-4297,info@company166.com.au,"Unit 9, 194 Clarence St, Castle Hill NSW 2154",Daniel White,5-100,$1M-$5M
EcoSolar Australia Solutions Aus 8,https://ecosolar.com.au,(62) 2896-1015,info@company167.com.au,"Unit 41, 527 George St, Macquarie Park NSW 2136",James Taylor,10-30,$5M-$5M
EcoSolar Australia Solutions NSW 2,https://ecosolar.com.au,(42) 8765-4276,info@company168.com.au,"Unit 16, 746 Sussex St, Burwood NSW 2026",Nina Patel,10-30,$2M-$20M
SunPower Direct Corp 12,https://sunpowerdirect.com.au,(22) 8323-8632,info@company169.com.au,"Unit 19, 715 Sussex St, Chatswood NSW 2071",Robert Kim,5-10,$5M-$10M
Solar Install Pros Corp 26,https://solarinstallpros.com.au,(32) 9171-8578,info@company170.com.au,"Unit 23, 459 Pitt St, West Ryde NSW 2148",Michael Chen,10-30,$10M-$2M
Solar Masters Solutions Aus 6,https://solar masters.com.au,(32) 9777-9934,info@company171.com.au,"Unit 6, 51 Clarence St, North Sydney NSW 2113",Emily Davis,5-100,$10M-$2M
Solar Tech NSW Systems Sydney 17,https://solartechnsw.com.au,(42) 2222-3409,info@company172.com.au,"Unit 26, 425 Pacific Hwy, West Ryde NSW 2066",Daniel White,20-50,$2M-$2M
Solar Tech NSW Solutions Sydney 50,https://solartechnsw.com.au,(82) 1100-6533,info@company173.com.au,"Unit 37, 358 Pitt St, Lane Cove NSW 2133",Sophia Martinez,5-100,$2M-$20M
Solar Install Pros Systems 30,https://solarinstallpros.com.au,(42) 7793-7159,info@company174.com.au,"Unit 36, 716 Sussex St, Olympic Park NSW 2162",Lisa Brown,50-10,$10M-$10M
Solar Masters Power Sydney 46,https://solar masters.com.au,(62) 7322-8009,info@company175.com.au,"Unit 6, 170 Sussex St, Burwood NSW 2034",Sophia Martinez,20-10,$2M-$5M
Solar Install Pros Solutions Sydney 31,https://solarinstallpros.com.au,(42) 4613-1269,info@company176.com.au,"Unit 18, 245 Pitt St, West Ryde NSW 2055",Daniel White,20-50,$10M-$10M
SunPower Direct Group NSW 14,https://sunpowerdirect.com.au,(72) 1641-4614,info@company177.com.au,"Unit 4, 859 George St, North Sydney NSW 2134",James Taylor,50-10,$5M-$5M
Renewable Power Co Group NSW 2,https://renewablepowerco.com.au,(52) 1768-2225,info@company178.com.au,"Unit 10, 140 Liverpool St, Strathfield NSW 2039",Sophia Martinez,20-30,$2M-$2M
SunPower Direct Solutions NSW 13,https://sunpowerdirect.com.au,(92) 2246-3171,info@company179.com.au,"Unit 33, 361 George St, Parramatta NSW 2165",Emily Davis,20-30,$5M-$10M
EcoSolar Australia Corp NSW 8,https://ecosolar.com.au,(22) 9367-7973,info@company180.com.au,"Unit 41, 847 Pacific Hwy, Strathfield NSW 2016",James Taylor,5-100,$2M-$5M
Solar Tech NSW Energy NSW 18,https://solartechnsw.com.au,(72) 9126-3244,info@company181.com.au,"Unit 46, 696 Sussex St, Castle Hill NSW 2071",James Taylor,20-50,$2M-$5M
Solar Tech NSW Group 3,https://solartechnsw.com.au,(62) 6608-9835,info@company182.com.au,"Unit 49, 139 Sussex St, Epping NSW 2074",Rachel Green,10-10,$2M-$20M
Renewable Power Co Group Aus 2,https://renewablepowerco.com.au,(72) 2284-7906,info@company183.com.au,"Unit 12, 532 Sussex St, West Ryde NSW 2199",Robert Kim,10-100,$5M-$20M
Solaray Energy Energy NSW 33,https://solaray.com.au,(52) 1102-9492,info@company184.com.au,"Unit 15, 48 Pitt St, Macquarie Park NSW 2033",Robert Kim,10-10,$5M-$5M
SunPower Direct Energy 4,https://sunpowerdirect.com.au,(22) 6867-6329,info@company185.com.au,"Unit 1, 437 Clarence St, Lane Cove NSW 2055",Tom Anderson,5-100,$5M-$2M
SunPower Direct Energy NSW 47,https://sunpowerdirect.com.au,(32) 3137-8413,info@company186.com.au,"Unit 39, 25 Miller St, Willoughby NSW 2149",James Taylor,10-10,$5M-$20M
Solaray Energy Tech 14,https://solaray.com.au,(42) 1350-3929,info@company187.com.au,"Unit 43, 318 Market St, Willoughby NSW 2086",Michael Chen,50-10,$2M-$2M
Renewable Power Co Power NSW 36,https://renewablepowerco.com.au,(32) 3101-3158,info@company188.com.au,"Unit 14, 162 Pacific Hwy, Lane Cove NSW 2077",Daniel White,10-10,$1M-$10M
SunPower Direct Group Sydney 25,https://sunpowerdirect.com.au,(82) 3447-4974,info@company189.com.au,"Unit 20, 367 Pitt St, Parramatta NSW 2067",Daniel White,50-30,$2M-$5M
Solar Solutions Plus Power 26,https://solarsolutionsplus.com.au,(72) 1881-8647,info@company190.com.au,"Unit 15, 577 Liverpool St, Willoughby NSW 2032",Nina Patel,50-30,$10M-$20M
Clean Energy Experts Energy Aus 6,https://cleanenergyexperts.com.au,(92) 7960-9356,info@company191.com.au,"Unit 4, 203 Pacific Hwy, Sydney NSW 2046",David Lee,20-100,$2M-$5M
EcoSolar Australia Systems NSW 15,https://ecosolar.com.au,(82) 3376-4919,info@company192.com.au,"Unit 28, 229 Liverpool St, Burwood NSW 2160",Michael Chen,50-10,$10M-$10M
Solar Install Pros Solutions Aus 19,https://solarinstallpros.com.au,(72) 5428-5469,info@company193.com.au,"Unit 16, 62 George St, Burwood NSW 2099",Sarah Johnson,50-30,$2M-$5M
Solar Install Pros Energy 5,https://solarinstallpros.com.au,(62) 8362-8509,info@company194.com.au,"Unit 8, 741 Pitt St, Strathfield NSW 2170",Daniel White,20-50,$1M-$5M
Solar Tech NSW Tech Sydney 36,https://solartechnsw.com.au,(62) 7583-1657,info@company195.com.au,"Unit 36, 167 George St, West Ryde NSW 2100",Nina Patel,20-100,$5M-$5M
Solaray Energy Systems 41,https://solaray.com.au,(52) 6168-6699,info@company196.com.au,"Unit 47, 593 Pitt St, West Ryde NSW 2037",David Lee,5-50,$10M-$20M
SunPower Direct Solutions 40,https://sunpowerdirect.com.au,(62) 8814-8528,info@company197.com.au,"Unit 49, 821 Pennant St, Chatswood NSW 2130",Oliver Garcia,50-30,$5M-$20M
Solar Solutions Plus Systems Aus 24,https://solarsolutionsplus.com.au,(22) 2637-5771,info@company198.com.au,"Unit 32, 84 George St, Castle Hill NSW 2117",Michael Chen,5-100,$1M-$5M
Solar Solutions Plus Energy Aus 44,https://solarsolutionsplus.com.au,(42) 9710-8667,info@company199.com.au,"Unit 43, 35 Victoria Rd, Parramatta NSW 2030",Tom Anderson,50-10,$5M-$20M
EcoSolar Australia Systems Aus 39,https://ecosolar.com.au,(32) 1303-4669,info@company200.com.au,"Unit 14, 892 Liverpool St, Olympic Park NSW 2008",Sarah Johnson,10-100,$2M-$10M
Solar Install Pros Systems Sydney 2,https://solarinstallpros.com.au,(92) 5836-1790,info@company201.com.au,"Unit 19, 306 Victoria Rd, Parramatta NSW 2164",Lisa Brown,5-50,$2M-$10M
Solar Install Pros Group 28,https://solarinstallpros.com.au,(72) 3151-8467,info@company202.com.au,"Unit 44, 240 Clarence St, Castle Hill NSW 2164",Emily Davis,5-100,$10M-$5M
Solar Solutions Plus Group NSW 27,https://solarsolutionsplus.com.au,(32) 5668-5384,info@company203.com.au,"Unit 17, 512 Pitt St, North Sydney NSW 2144",Michael Chen,50-10,$10M-$5M
Clean Energy Experts Tech Aus 23,https://cleanenergyexperts.com.au,(72) 7518-1014,info@company204.com.au,"Unit 22, 962 Liverpool St, North Sydney NSW 2081",Robert Kim,20-50,$5M-$10M
Solar Masters Power NSW 21,https://solar masters.com.au,(32) 7800-8633,info@company205.com.au,"Unit 12, 573 Liverpool St, Parramatta NSW 2014",Michael Chen,50-10,$5M-$10M
Renewable Power Co Group Aus 22,https://renewablepowerco.com.au,(82) 1703-7348,info@company206.com.au,"Unit 9, 841 Market St, Epping NSW 2043",John Smith,10-10,$5M-$10M
SunPower Direct Systems NSW 44,https://sunpowerdirect.com.au,(82) 4647-4493,info@company207.com.au,"Unit 1, 648 Victoria Rd, Epping NSW 2019",Emily Davis,10-10,$10M-$10M
SunPower Direct Tech Aus 40,https://sunpowerdirect.com.au,(22) 7256-1813,info@company208.com.au,"Unit 14, 580 Pacific Hwy, North Sydney NSW 2126",John Smith,20-100,$1M-$10M
Green Energy Solutions Tech 18,https://greenenergysolutions.com.au,(82) 2888-6756,info@company209.com.au,"Unit 3, 14 Market St, West Ryde NSW 2027",Oliver Garcia,10-100,$2M-$10M
EcoSolar Australia Tech Aus 18,https://ecosolar.com.au,(72) 9488-1355,info@company210.com.au,"Unit 45, 456 George St, Olympic Park NSW 2071",Emily Davis,50-50,$5M-$10M
Solaray Energy Solutions Sydney 46,https://solaray.com.au,(62) 5685-7580,info@company211.com.au,"Unit 4, 219 Victoria Rd, Willoughby NSW 2157",Daniel White,5-50,$2M-$10M
Solar Masters Tech 33,https://solar masters.com.au,(42) 8094-3645,info@company212.com.au,"Unit 19, 883 Pacific Hwy, Castle Hill NSW 2107",Daniel White,10-100,$10M-$10M
Renewable Power Co Tech Aus 28,https://renewablepowerco.com.au,(22) 8487-6455,info@company213.com.au,"Unit 17, 715 Miller St, Olympic Park NSW 2012",David Lee,50-100,$10M-$20M
SunPower Direct Systems Sydney 24,https://sunpowerdirect.com.au,(82) 9859-8794,info@company214.com.au,"Unit 19, 272 Clarence St, Macquarie Park NSW 2097",John Smith,20-10,$1M-$10M
SunPower Direct Group NSW 37,https://sunpowerdirect.com.au,(62) 3392-5441,info@company215.com.au,"Unit 45, 655 Pennant St, Lane Cove NSW 2055",Rachel Green,5-10,$5M-$5M
Renewable Power Co Systems NSW 20,https://renewablepowerco.com.au,(22) 9265-3265,info@company216.com.au,"Unit 15, 310 Pitt St, Burwood NSW 2122",Robert Kim,5-50,$1M-$5M
Renewable Power Co Power Sydney 11,https://renewablepowerco.com.au,(32) 2621-4049,info@company217.com.au,"Unit 31, 673 George St, Sydney NSW 2002",Tom Anderson,50-30,$2M-$5M
EcoSolar Australia Solutions NSW 36,https://ecosolar.com.au,(92) 2355-3970,info@company218.com.au,"Unit 26, 699 Market St, West Ryde NSW 2033",Lisa Brown,50-50,$10M-$10M
Solar Tech NSW Solutions Aus 23,https://solartechnsw.com.au,(92) 1887-7031,info@company219.com.au,"Unit 33, 411 George St, Strathfield NSW 2179",John Smith,50-30,$5M-$2M
Clean Energy Experts Tech Aus 38,https://cleanenergyexperts.com.au,(62) 2401-1601,info@company220.com.au,"Unit 37, 282 Sussex St, Sydney NSW 2114",Sarah Johnson,5-30,$1M-$2M
Solar Tech NSW Systems NSW 21,https://solartechnsw.com.au,(22) 6296-2296,info@company221.com.au,"Unit 28, 613 Liverpool St, West Ryde NSW 2103",Emily Davis,50-50,$2M-$5M
SunPower Direct Tech Sydney 45,https://sunpowerdirect.com.au,(52) 6460-3658,info@company222.com.au,"Unit 41, 123 Sussex St, Willoughby NSW 2078",Robert Kim,10-50,$10M-$10M
Clean Energy Experts Group Aus 17,https://cleanenergyexperts.com.au,(52) 6895-1511,info@company223.com.au,"Unit 30, 667 Victoria Rd, Olympic Park NSW 2155",Nina Patel,20-100,$2M-$5M
EcoSolar Australia Corp 29,https://ecosolar.com.au,(92) 6566-4261,info@company224.com.au,"Unit 44, 211 Miller St, North Sydney NSW 2121",Daniel White,50-100,$5M-$20M
Solar Solutions Plus Systems NSW 47,https://solarsolutionsplus.com.au,(82) 7831-9255,info@company225.com.au,"Unit 30, 137 Market St, Olympic Park NSW 2081",Oliver Garcia,10-50,$1M-$2M
Solaray Energy Solutions Sydney 38,https://solaray.com.au,(92) 8166-3878,info@company226.com.au,"Unit 47, 597 Clarence St, Castle Hill NSW 2049",James Taylor,10-100,$5M-$5M
Solaray Energy Solutions NSW 50,https://solaray.com.au,(52) 5318-2291,info@company227.com.au,"Unit 26, 994 Liverpool St, Ryde NSW 2033",Nina Patel,5-50,$2M-$5M
Solar Tech NSW Group 13,https://solartechnsw.com.au,(72) 7481-8778,info@company228.com.au,"Unit 16, 534 Victoria Rd, Castle Hill NSW 2185",Sophia Martinez,50-100,$10M-$2M
Solaray Energy Group Aus 15,https://solaray.com.au,(42) 2654-7561,info@company229.com.au,"Unit 41, 472 Liverpool St, Burwood NSW 2056",Lisa Brown,10-10,$5M-$2M
Solar Masters Tech 16,https://solar masters.com.au,(42) 9263-2762,info@company230.com.au,"Unit 33, 189 Liverpool St, Ryde NSW 2112",Daniel White,5-30,$10M-$2M
Solaray Energy Corp Sydney 46,https://solaray.com.au,(72) 1823-3435,info@company231.com.au,"Unit 38, 8 George St, Ryde NSW 2017",Daniel White,50-30,$2M-$10M
EcoSolar Australia Systems Sydney 17,https://ecosolar.com.au,(82) 1995-2379,info@company232.com.au,"Unit 21, 890 Market St, Sydney NSW 2138",Emily Davis,50-50,$2M-$10M
Solaray Energy Tech Aus 8,https://solaray.com.au,(22) 7071-8755,info@company233.com.au,"Unit 22, 803 Pennant St, North Sydney NSW 2039",Sarah Johnson,50-10,$10M-$10M
Solaray Energy Systems Aus 42,https://solaray.com.au,(72) 9321-4572,info@company234.com.au,"Unit 30, 977 Liverpool St, Olympic Park NSW 2136",Sarah Johnson,5-10,$2M-$20M
Solar Masters Systems NSW 39,https://solar masters.com.au,(92) 8535-6255,info@company235.com.au,"Unit 34, 635 Clarence St, Lane Cove NSW 2163",James Taylor,5-10,$2M-$20M
SunPower Direct Energy Aus 13,https://sunpowerdirect.com.au,(22) 6192-9393,info@company236.com.au,"Unit 39, 909 Sussex St, Strathfield NSW 2055",Robert Kim,5-10,$1M-$20M
EcoSolar Australia Group NSW 18,https://ecosolar.com.au,(82) 9035-6816,info@company237.com.au,"Unit 37, 656 Pitt St, Olympic Park NSW 2195",Tom Anderson,20-100,$1M-$2M
Green Energy Solutions Energy Sydney 31,https://greenenergysolutions.com.au,(82) 7189-3828,info@company238.com.au,"Unit 13, 379 Sussex St, Strathfield NSW 2018",Michael Chen,5-10,$2M-$2M
EcoSolar Australia Corp NSW 40,https://ecosolar.com.au,(92) 3529-1301,info@company239.com.au,"Unit 22, 469 Pacific Hwy, Ryde NSW 2136",Sophia Martinez,50-30,$2M-$2M
Solaray Energy Power 20,https://solaray.com.au,(32) 6739-1767,info@company240.com.au,"Unit 17, 261 Pacific Hwy, Willoughby NSW 2070",Emma Wilson,10-10,$1M-$5M
Solar Solutions Plus Tech Aus 15,https://solarsolutionsplus.com.au,(62) 5975-5561,info@company241.com.au,"Unit 11, 346 Clarence St, West Ryde NSW 2087",Sarah Johnson,5-50,$2M-$20M
SunPower Direct Group Aus 31,https://sunpowerdirect.com.au,(22) 2711-2298,info@company242.com.au,"Unit 46, 433 Miller St, Castle Hill NSW 2164",Sarah Johnson,10-30,$2M-$10M
SunPower Direct Energy NSW 4,https://sunpowerdirect.com.au,(22) 7280-2615,info@company243.com.au,"Unit 40, 743 Pennant St, North Sydney NSW 2057",John Smith,10-30,$10M-$5M
Solaray Energy Solutions Aus 49,https://solaray.com.au,(72) 5794-2839,info@company244.com.au,"Unit 29, 362 George St, Strathfield NSW 2036",Tom Anderson,20-100,$1M-$2M
Solar Tech NSW Systems NSW 22,https://solartechnsw.com.au,(22) 4658-9673,info@company245.com.au,"Unit 42, 357 Liverpool St, Epping NSW 2018",Tom Anderson,50-100,$5M-$2M
Clean Energy Experts Group 26,https://cleanenergyexperts.com.au,(62) 9855-8234,info@company246.com.au,"Unit 7, 268 George St, Willoughby NSW 2089",Robert Kim,10-100,$2M-$5M
Solaray Energy Corp 16,https://solaray.com.au,(52) 5812-3015,info@company247.com.au,"Unit 38, 140 Market St, Homebush NSW 2044",Daniel White,5-100,$1M-$5M
Solar Masters Systems 32,https://solar masters.com.au,(72) 6935-5340,info@company248.com.au,"Unit 36, 145 Pennant St, West Ryde NSW 2024",Michael Chen,5-10,$1M-$2M
Renewable Power Co Corp Aus 20,https://renewablepowerco.com.au,(92) 1413-2015,info@company249.com.au,"Unit 15, 448 George St, North Sydney NSW 2148",Daniel White,10-30,$2M-$5M
Clean Energy Experts Power Sydney 42,https://cleanenergyexperts.com.au,(92) 8372-1505,info@company250.com.au,"Unit 25, 890 Liverpool St, Epping NSW 2042",David Lee,50-30,$2M-$20M
SunPower Direct Power 38,https://sunpowerdirect.com.au,(42) 4819-5368,info@company251.com.au,"Unit 43, 947 Market St, Macquarie Park NSW 2095",Daniel White,20-100,$2M-$2M
EcoSolar Australia Systems NSW 43,https://ecosolar.com.au,(92) 5184-1625,info@company252.com.au,"Unit 29, 377 Miller St, Epping NSW 2068",Nina Patel,10-100,$2M-$5M
EcoSolar Australia Corp NSW 49,https://ecosolar.com.au,(52) 7247-3638,info@company253.com.au,"Unit 34, 687 Liverpool St, North Sydney NSW 2021",Robert Kim,5-30,$10M-$20M
Solar Tech NSW Power Aus 11,https://solartechnsw.com.au,(52) 9676-7409,info@company254.com.au,"Unit 49, 141 George St, Lane Cove NSW 2124",Nina Patel,5-10,$10M-$5M
Green Energy Solutions Energy Aus 7,https://greenenergysolutions.com.au,(22) 9123-4890,info@company255.com.au,"Unit 20, 614 Sussex St, Parramatta NSW 2097",David Lee,50-50,$2M-$5M
Clean Energy Experts Group Aus 41,https://cleanenergyexperts.com.au,(32) 6227-5650,info@company256.com.au,"Unit 6, 253 Sussex St, West Ryde NSW 2119",Lisa Brown,5-50,$1M-$2M
Solaray Energy Solutions Sydney 23,https://solaray.com.au,(32) 1111-9316,info@company257.com.au,"Unit 35, 205 Sussex St, Strathfield NSW 2160",Robert Kim,10-100,$5M-$2M
Solar Install Pros Corp Sydney 27,https://solarinstallpros.com.au,(42) 5989-1274,info@company258.com.au,"Unit 47, 418 Pacific Hwy, Ryde NSW 2122",Lisa Brown,10-100,$2M-$5M
Solar Tech NSW Power Aus 6,https://solartechnsw.com.au,(22) 6432-9862,info@company259.com.au,"Unit 16, 243 Liverpool St, Ryde NSW 2042",Daniel White,10-100,$1M-$2M
Solar Install Pros Energy Sydney 27,https://solarinstallpros.com.au,(22) 8246-6254,info@company260.com.au,"Unit 9, 347 Victoria Rd, Macquarie Park NSW 2088",Daniel White,5-100,$2M-$2M
EcoSolar Australia Solutions Aus 37,https://ecosolar.com.au,(42) 4277-4323,info@company261.com.au,"Unit 3, 652 Victoria Rd, Chatswood NSW 2106",David Lee,10-10,$2M-$10M
EcoSolar Australia Tech Sydney 8,https://ecosolar.com.au,(52) 6972-4970,info@company262.com.au,"Unit 38, 648 Pacific Hwy, Burwood NSW 2094",Daniel White,20-50,$2M-$2M
Solar Tech NSW Tech Sydney 17,https://solartechnsw.com.au,(22) 8207-5296,info@company263.com.au,"Unit 35, 611 Pacific Hwy, Olympic Park NSW 2180",John Smith,50-30,$2M-$20M
Solar Tech NSW Energy Sydney 26,https://solartechnsw.com.au,(42) 7034-6123,info@company264.com.au,"Unit 42, 152 Miller St, West Ryde NSW 2033",Emily Davis,5-30,$1M-$2M
Solar Install Pros Energy Aus 14,https://solarinstallpros.com.au,(72) 1608-1395,info@company265.com.au,"Unit 15, 878 Pacific Hwy, Parramatta NSW 2149",Oliver Garcia,20-10,$1M-$10M
EcoSolar Australia Corp NSW 9,https://ecosolar.com.au,(42) 9419-3409,info@company266.com.au,"Unit 50, 585 Sussex St, Parramatta NSW 2083",David Lee,5-50,$5M-$10M
Solar Tech NSW Tech 48,https://solartechnsw.com.au,(82) 6509-1192,info@company267.com.au,"Unit 14, 15 Clarence St, Ryde NSW 2038",Tom Anderson,5-10,$2M-$10M
SunPower Direct Corp Aus 47,https://sunpowerdirect.com.au,(52) 5849-5166,info@company268.com.au,"Unit 47, 957 Pitt St, Willoughby NSW 2167",Oliver Garcia,10-10,$10M-$10M
Solar Install Pros Power NSW 47,https://solarinstallpros.com.au,(22) 2196-9084,info@company269.com.au,"Unit 31, 342 Victoria Rd, Olympic Park NSW 2078",Emma Wilson,5-100,$2M-$5M
Solar Install Pros Group NSW 20,https://solarinstallpros.com.au,(52) 3498-2715,info@company270.com.au,"Unit 33, 248 Victoria Rd, Castle Hill NSW 2066",Rachel Green,20-10,$10M-$20M
Solaray Energy Group Aus 40,https://solaray.com.au,(62) 3398-4271,info@company271.com.au,"Unit 28, 420 Liverpool St, Homebush NSW 2162",Nina Patel,50-50,$10M-$2M
Solar Install Pros Energy Aus 33,https://solarinstallpros.com.au,(32) 4167-1579,info@company272.com.au,"Unit 40, 963 Victoria Rd, North Sydney NSW 2116",Nina Patel,10-100,$2M-$2M
EcoSolar Australia Power NSW 31,https://ecosolar.com.au,(82) 8311-8035,info@company273.com.au,"Unit 42, 401 Sussex St, Homebush NSW 2153",Nina Patel,10-10,$10M-$5M
Solar Solutions Plus Group Aus 7,https://solarsolutionsplus.com.au,(52) 1969-4473,info@company274.com.au,"Unit 32, 301 Sussex St, West Ryde NSW 2125",Sarah Johnson,50-100,$2M-$5M
Clean Energy Experts Tech 10,https://cleanenergyexperts.com.au,(92) 8312-4268,info@company275.com.au,"Unit 9, 11 Market St, Willoughby NSW 2124",Sophia Martinez,5-100,$2M-$20M
EcoSolar Australia Systems Aus 34,https://ecosolar.com.au,(32) 9575-4170,info@company276.com.au,"Unit 26, 182 Miller St, Ryde NSW 2082",Oliver Garcia,10-30,$10M-$2M
EcoSolar Australia Energy 20,https://ecosolar.com.au,(72) 3617-6849,info@company277.com.au,"Unit 13, 958 Clarence St, Macquarie Park NSW 2193",James Taylor,5-50,$5M-$2M
Solar Tech NSW Solutions Sydney 24,https://solartechnsw.com.au,(72) 4557-1429,info@company278.com.au,"Unit 8, 177 Victoria Rd, Parramatta NSW 2101",John Smith,5-100,$5M-$20M
SunPower Direct Group Aus 1,https://sunpowerdirect.com.au,(22) 7056-9878,info@company279.com.au,"Unit 10, 803 Miller St, Sydney NSW 2017",Oliver Garcia,50-10,$5M-$10M
Solar Install Pros Group Sydney 41,https://solarinstallpros.com.au,(42) 1525-4055,info@company280.com.au,"Unit 38, 686 Liverpool St, Parramatta NSW 2122",Emma Wilson,10-10,$5M-$10M
EcoSolar Australia Corp Sydney 20,https://ecosolar.com.au,(52) 3397-6398,info@company281.com.au,"Unit 6, 949 Pacific Hwy, North Sydney NSW 2155",Sophia Martinez,10-50,$5M-$20M
Solar Install Pros Tech Sydney 30,https://solarinstallpros.com.au,(72) 1724-6341,info@company282.com.au,"Unit 18, 507 Liverpool St, Epping NSW 2156",Robert Kim,50-30,$1M-$2M
Solar Install Pros Systems Sydney 13,https://solarinstallpros.com.au,(52) 7843-2555,info@company283.com.au,"Unit 12, 209 Liverpool St, Olympic Park NSW 2195",Emily Davis,10-50,$1M-$20M
Solar Install Pros Solutions NSW 10,https://solarinstallpros.com.au,(62) 9407-1718,info@company284.com.au,"Unit 1, 63 Pitt St, Castle Hill NSW 2081",Emma Wilson,5-10,$5M-$2M
Solar Install Pros Solutions Sydney 20,https://solarinstallpros.com.au,(92) 6742-7164,info@company285.com.au,"Unit 17, 296 Pitt St, Epping NSW 2001",Rachel Green,5-10,$2M-$20M
Solar Masters Systems NSW 26,https://solar masters.com.au,(52) 6551-5742,info@company286.com.au,"Unit 10, 108 Sussex St, Olympic Park NSW 2184",Nina Patel,10-30,$5M-$2M
Solar Tech NSW Energy Sydney 32,https://solartechnsw.com.au,(52) 6985-2098,info@company287.com.au,"Unit 28, 564 Victoria Rd, Strathfield NSW 2127",John Smith,5-10,$5M-$5M
Solaray Energy Corp 17,https://solaray.com.au,(42) 3923-4549,info@company288.com.au,"Unit 14, 425 Victoria Rd, Epping NSW 2115",Oliver Garcia,20-50,$1M-$5M
Renewable Power Co Solutions 33,https://renewablepowerco.com.au,(82) 6712-8473,info@company289.com.au,"Unit 47, 706 Sussex St, Willoughby NSW 2131",Robert Kim,10-10,$2M-$10M
Clean Energy Experts Corp Aus 16,https://cleanenergyexperts.com.au,(62) 4613-4076,info@company290.com.au,"Unit 37, 318 Liverpool St, Olympic Park NSW 2147",Rachel Green,50-50,$2M-$5M
SunPower Direct Energy 13,https://sunpowerdirect.com.au,(82) 2032-9558,info@company291.com.au,"Unit 46, 479 Miller St, Burwood NSW 2019",Lisa Brown,50-50,$10M-$10M
Clean Energy Experts Power Aus 8,https://cleanenergyexperts.com.au,(62) 1066-7886,info@company292.com.au,"Unit 11, 475 Pennant St, Sydney NSW 2090",James Taylor,10-100,$2M-$2M
SunPower Direct Power Sydney 42,https://sunpowerdirect.com.au,(32) 9075-4935,info@company293.com.au,"Unit 5, 964 George St, West Ryde NSW 2113",Sarah Johnson,5-100,$10M-$20M
Solar Tech NSW Energy Sydney 46,https://solartechnsw.com.au,(32) 6215-9411,info@company294.com.au,"Unit 42, 418 Pennant St, Burwood NSW 2043",Oliver Garcia,5-10,$5M-$2M
SunPower Direct Tech Aus 17,https://sunpowerdirect.com.au,(52) 6834-9514,info@company295.com.au,"Unit 29, 65 Market St, Macquarie Park NSW 2024",Sophia Martinez,10-10,$10M-$2M
Solar Tech NSW Solutions 22,https://solartechnsw.com.au,(92) 1030-5892,info@company296.com.au,"Unit 12, 549 Pacific Hwy, Homebush NSW 2197",Nina Patel,20-30,$5M-$10M
Solar Tech NSW Systems 28,https://solartechnsw.com.au,(32) 1087-6693,info@company297.com.au,"Unit 13, 922 George St, Sydney NSW 2096",Lisa Brown,5-50,$2M-$10M
Renewable Power Co Energy Aus 49,https://renewablepowerco.com.au,(22) 4360-2363,info@company298.com.au,"Unit 37, 683 Clarence St, Macquarie Park NSW 2104",David Lee,50-50,$1M-$20M
Solar Masters Group Sydney 45,https://solar masters.com.au,(62) 6874-9014,info@company299.com.au,"Unit 32, 599 Market St, Castle Hill NSW 2060",Oliver Garcia,20-100,$10M-$2M
Green Energy Solutions Group NSW 6,https://greenenergysolutions.com.au,(82) 7320-9577,info@company300.com.au,"Unit 38, 899 Sussex St, Chatswood NSW 2001",James Taylor,10-100,$1M-$2M
Green Energy Solutions Corp Sydney 11,https://greenenergysolutions.com.au,(62) 4285-7435,info@company301.com.au,"Unit 3, 735 Clarence St, West Ryde NSW 2150",Daniel White,50-10,$1M-$20M
Green Energy Solutions Corp 32,https://greenenergysolutions.com.au,(42) 1551-7641,info@company302.com.au,"Unit 28, 969 Pennant St, Chatswood NSW 2000",John Smith,50-100,$5M-$20M
Solar Install Pros Energy NSW 41,https://solarinstallpros.com.au,(42) 4427-3828,info@company303.com.au,"Unit 11, 502 Miller St, Castle Hill NSW 2051",David Lee,50-10,$1M-$5M
Renewable Power Co Corp Sydney 15,https://renewablepowerco.com.au,(22) 2854-2137,info@company304.com.au,"Unit 25, 340 George St, Chatswood NSW 2173",Sarah Johnson,20-100,$10M-$20M
EcoSolar Australia Group Aus 36,https://ecosolar.com.au,(22) 2848-2452,info@company305.com.au,"Unit 37, 28 Miller St, Macquarie Park NSW 2171",Sarah Johnson,5-50,$5M-$5M
Solar Install Pros Group Aus 39,https://solarinstallpros.com.au,(82) 6446-3988,info@company306.com.au,"Unit 5, 177 Clarence St, North Sydney NSW 2106",Daniel White,10-10,$1M-$10M
Solar Tech NSW Energy Aus 40,https://solartechnsw.com.au,(42) 6040-8256,info@company307.com.au,"Unit 13, 254 Liverpool St, Olympic Park NSW 2073",Nina Patel,5-100,$1M-$5M
Solaray Energy Systems NSW 19,https://solaray.com.au,(52) 8225-2743,info@company308.com.au,"Unit 21, 875 Liverpool St, Strathfield NSW 2043",Nina Patel,5-100,$1M-$2M
SunPower Direct Energy 14,https://sunpowerdirect.com.au,(92) 8242-7137,info@company309.com.au,"Unit 20, 623 Pacific Hwy, Parramatta NSW 2033",Tom Anderson,10-50,$10M-$20M
Solar Tech NSW Power 41,https://solartechnsw.com.au,(32) 5419-6818,info@company310.com.au,"Unit 43, 141 Victoria Rd, Chatswood NSW 2071",Michael Chen,50-50,$2M-$2M
SunPower Direct Tech NSW 10,https://sunpowerdirect.com.au,(82) 7967-2170,info@company311.com.au,"Unit 26, 162 Victoria Rd, Sydney NSW 2032",Lisa Brown,50-30,$10M-$20M
Solar Solutions Plus Group Aus 29,https://solarsolutionsplus.com.au,(62) 8325-6033,info@company312.com.au,"Unit 24, 313 George St, Macquarie Park NSW 2004",Robert Kim,50-10,$10M-$5M
Solar Tech NSW Corp NSW 21,https://solartechnsw.com.au,(62) 4366-8631,info@company313.com.au,"Unit 25, 783 Liverpool St, Castle Hill NSW 2132",Rachel Green,50-10,$1M-$2M
Solar Solutions Plus Tech Sydney 49,https://solarsolutionsplus.com.au,(82) 8978-5982,info@company314.com.au,"Unit 23, 28 Market St, Parramatta NSW 2020",David Lee,20-30,$1M-$2M
Solar Masters Power Aus 42,https://solar masters.com.au,(42) 1411-3361,info@company315.com.au,"Unit 34, 238 Sussex St, Lane Cove NSW 2175",Daniel White,20-100,$1M-$10M
Solar Tech NSW Corp Sydney 13,https://solartechnsw.com.au,(92) 5630-1741,info@company316.com.au,"Unit 10, 660 Victoria Rd, West Ryde NSW 2141",Sarah Johnson,20-30,$10M-$20M
Green Energy Solutions Systems 4,https://greenenergysolutions.com.au,(42) 5925-1504,info@company317.com.au,"Unit 18, 532 Sussex St, West Ryde NSW 2042",Sarah Johnson,10-100,$10M-$10M
Clean Energy Experts Energy 26,https://cleanenergyexperts.com.au,(82) 6484-5570,info@company318.com.au,"Unit 41, 548 Market St, West Ryde NSW 2151",Oliver Garcia,20-100,$1M-$10M
Renewable Power Co Group 33,https://renewablepowerco.com.au,(42) 2133-1849,info@company319.com.au,"Unit 36, 494 Pitt St, North Sydney NSW 2146",Tom Anderson,10-10,$5M-$10M
Clean Energy Experts Group Sydney 19,https://cleanenergyexperts.com.au,(82) 6922-4011,info@company320.com.au,"Unit 43, 253 Pitt St, Strathfield NSW 2180",Nina Patel,10-30,$10M-$10M
Solar Masters Corp 25,https://solar masters.com.au,(62) 1426-9287,info@company321.com.au,"Unit 46, 811 Clarence St, Olympic Park NSW 2013",Robert Kim,50-10,$1M-$10M
SunPower Direct Power Aus 11,https://sunpowerdirect.com.au,(72) 4970-6769,info@company322.com.au,"Unit 6, 439 Clarence St, Willoughby NSW 2019",Emma Wilson,10-10,$2M-$20M
Solar Masters Solutions Sydney 20,https://solar masters.com.au,(22) 6979-2725,info@company323.com.au,"Unit 12, 705 Victoria Rd, Burwood NSW 2035",Sarah Johnson,5-50,$5M-$2M
SunPower Direct Corp Sydney 24,https://sunpowerdirect.com.au,(92) 6335-8065,info@company324.com.au,"Unit 8, 113 Pennant St, North Sydney NSW 2011",Nina Patel,5-30,$5M-$10M
SunPower Direct Systems Aus 28,https://sunpowerdirect.com.au,(82) 1926-7570,info@company325.com.au,"Unit 20, 325 Pacific Hwy, Castle Hill NSW 2180",Sophia Martinez,50-10,$10M-$10M
Renewable Power Co Tech Aus 8,https://renewablepowerco.com.au,(42) 8367-6489,info@company326.com.au,"Unit 14, 214 Sussex St, Castle Hill NSW 2014",James Taylor,10-10,$1M-$10M
SunPower Direct Corp Aus 7,https://sunpowerdirect.com.au,(32) 5656-8416,info@company327.com.au,"Unit 27, 978 Victoria Rd, Olympic Park NSW 2001",James Taylor,5-100,$2M-$20M
SunPower Direct Corp 3,https://sunpowerdirect.com.au,(72) 8415-1941,info@company328.com.au,"Unit 25, 589 Victoria Rd, West Ryde NSW 2086",Sarah Johnson,20-50,$10M-$10M
Clean Energy Experts Power Sydney 6,https://cleanenergyexperts.com.au,(92) 6515-4314,info@company329.com.au,"Unit 35, 955 Market St, Sydney NSW 2018",Oliver Garcia,5-100,$5M-$10M
EcoSolar Australia Power Sydney 23,https://ecosolar.com.au,(22) 7168-4455,info@company330.com.au,"Unit 38, 519 Victoria Rd, Sydney NSW 2198",Lisa Brown,50-10,$5M-$20M
EcoSolar Australia Group Sydney 29,https://ecosolar.com.au,(32) 5330-6891,info@company331.com.au,"Unit 2, 119 Sussex St, Burwood NSW 2158",Tom Anderson,20-10,$1M-$5M
EcoSolar Australia Solutions Sydney 37,https://ecosolar.com.au,(72) 4568-3548,info@company332.com.au,"Unit 36, 971 George St, Macquarie Park NSW 2188",Oliver Garcia,5-30,$5M-$5M
Solaray Energy Solutions NSW 29,https://solaray.com.au,(82) 2039-5320,info@company333.com.au,"Unit 20, 808 Pitt St, Sydney NSW 2009",Emily Davis,20-30,$2M-$10M
Solaray Energy Systems Aus 16,https://solaray.com.au,(62) 6979-9065,info@company334.com.au,"Unit 45, 343 Miller St, Parramatta NSW 2169",Oliver Garcia,20-50,$10M-$2M
Green Energy Solutions Corp 25,https://greenenergysolutions.com.au,(72) 8200-2476,info@company335.com.au,"Unit 36, 702 Miller St, Macquarie Park NSW 2079",Daniel White,10-30,$2M-$20M
Solar Tech NSW Corp 16,https://solartechnsw.com.au,(92) 1699-6783,info@company336.com.au,"Unit 15, 822 Market St, Parramatta NSW 2072",Daniel White,5-100,$10M-$5M
Solar Tech NSW Corp Aus 19,https://solartechnsw.com.au,(32) 2411-4759,info@company337.com.au,"Unit 33, 615 Miller St, Parramatta NSW 2117",John Smith,50-30,$5M-$2M
Renewable Power Co Solutions Aus 32,https://renewablepowerco.com.au,(72) 9266-7620,info@company338.com.au,"Unit 45, 215 Sussex St, West Ryde NSW 2139",Robert Kim,5-30,$2M-$20M
Clean Energy Experts Group 38,https://cleanenergyexperts.com.au,(52) 7907-8034,info@company339.com.au,"Unit 22, 420 Clarence St, Epping NSW 2021",James Taylor,5-100,$5M-$20M
Solaray Energy Systems Aus 25,https://solaray.com.au,(62) 1566-5745,info@company340.com.au,"Unit 20, 914 George St, Willoughby NSW 2071",David Lee,20-30,$10M-$2M
Renewable Power Co Power 29,https://renewablepowerco.com.au,(22) 7189-6361,info@company341.com.au,"Unit 27, 911 Market St, Macquarie Park NSW 2074",David Lee,50-50,$1M-$2M
SunPower Direct Solutions 50,https://sunpowerdirect.com.au,(32) 8931-1813,info@company342.com.au,"Unit 10, 321 George St, Lane Cove NSW 2091",John Smith,50-30,$5M-$2M
Renewable Power Co Solutions 11,https://renewablepowerco.com.au,(42) 3003-7974,info@company343.com.au,"Unit 33, 937 Pitt St, Epping NSW 2158",Daniel White,50-100,$2M-$20M
Solar Tech NSW Solutions 49,https://solartechnsw.com.au,(82) 8816-7914,info@company344.com.au,"Unit 17, 17 Market St, Ryde NSW 2131",James Taylor,20-30,$10M-$10M
Solar Solutions Plus Energy Aus 38,https://solarsolutionsplus.com.au,(22) 8105-9555,info@company345.com.au,"Unit 14, 485 Miller St, Burwood NSW 2073",John Smith,5-10,$10M-$5M
SunPower Direct Solutions 32,https://sunpowerdirect.com.au,(42) 1918-4334,info@company346.com.au,"Unit 12, 392 Pennant St, Lane Cove NSW 2052",Emma Wilson,20-10,$2M-$20M
Solar Solutions Plus Systems Aus 15,https://solarsolutionsplus.com.au,(72) 4090-8790,info@company347.com.au,"Unit 36, 454 Market St, Olympic Park NSW 2080",James Taylor,50-30,$10M-$5M
Solaray Energy Tech NSW 7,https://solaray.com.au,(72) 9572-1573,info@company348.com.au,"Unit 41, 923 Pacific Hwy, Willoughby NSW 2147",Lisa Brown,50-100,$1M-$2M
SunPower Direct Corp Sydney 23,https://sunpowerdirect.com.au,(22) 4731-6797,info@company349.com.au,"Unit 44, 397 George St, Sydney NSW 2152",Michael Chen,10-10,$10M-$10M
Green Energy Solutions Power Sydney 13,https://greenenergysolutions.com.au,(22) 7426-1214,info@company350.com.au,"Unit 12, 39 Pennant St, Epping NSW 2075",Sarah Johnson,50-10,$10M-$2M
Solaray Energy Group Aus 29,https://solaray.com.au,(82) 7554-7089,info@company351.com.au,"Unit 20, 39 Miller St, Willoughby NSW 2132",Sarah Johnson,20-30,$2M-$10M
Solar Solutions Plus Group Sydney 17,https://solarsolutionsplus.com.au,(52) 5056-2676,info@company352.com.au,"Unit 44, 179 Pitt St, West Ryde NSW 2137",Tom Anderson,10-50,$10M-$10M
Clean Energy Experts Tech Aus 13,https://cleanenergyexperts.com.au,(42) 5746-6733,info@company353.com.au,"Unit 16, 423 Clarence St, Burwood NSW 2009",David Lee,50-30,$2M-$2M
Renewable Power Co Corp 1,https://renewablepowerco.com.au,(22) 8320-5866,info@company354.com.au,"Unit 26, 604 Liverpool St, Parramatta NSW 2050",Robert Kim,50-30,$5M-$5M
Solar Masters Tech 39,https://solar masters.com.au,(62) 5838-1076,info@company355.com.au,"Unit 26, 536 George St, Olympic Park NSW 2136",Robert Kim,5-10,$1M-$2M
Renewable Power Co Solutions Sydney 27,https://renewablepowerco.com.au,(82) 1084-7163,info@company356.com.au,"Unit 36, 630 Liverpool St, Macquarie Park NSW 2078",David Lee,50-50,$5M-$20M
Renewable Power Co Energy Sydney 17,https://renewablepowerco.com.au,(92) 4391-6552,info@company357.com.au,"Unit 18, 567 Pacific Hwy, West Ryde NSW 2054",Rachel Green,10-100,$5M-$5M
Solar Masters Power NSW 4,https://solar masters.com.au,(72) 9934-7124,info@company358.com.au,"Unit 16, 363 Pitt St, Olympic Park NSW 2007",Tom Anderson,10-10,$1M-$2M
EcoSolar Australia Tech NSW 17,https://ecosolar.com.au,(22) 8881-9687,info@company359.com.au,"Unit 4, 289 Pennant St, Ryde NSW 2192",Emily Davis,10-10,$5M-$10M
Solar Solutions Plus Corp Sydney 44,https://solarsolutionsplus.com.au,(92) 1450-4404,info@company360.com.au,"Unit 41, 398 Liverpool St, Epping NSW 2116",Michael Chen,10-100,$2M-$5M
Solar Install Pros Corp NSW 36,https://solarinstallpros.com.au,(22) 2887-1794,info@company361.com.au,"Unit 5, 789 Clarence St, Ryde NSW 2080",James Taylor,20-50,$1M-$10M
Solar Install Pros Tech Aus 6,https://solarinstallpros.com.au,(62) 3889-1052,info@company362.com.au,"Unit 42, 327 Pitt St, Macquarie Park NSW 2028",Nina Patel,5-50,$5M-$20M
Green Energy Solutions Tech 41,https://greenenergysolutions.com.au,(42) 7867-5158,info@company363.com.au,"Unit 21, 24 Liverpool St, Parramatta NSW 2114",Sarah Johnson,20-30,$5M-$10M
SunPower Direct Solutions Aus 30,https://sunpowerdirect.com.au,(62) 4388-6110,info@company364.com.au,"Unit 28, 49 Liverpool St, Lane Cove NSW 2191",Oliver Garcia,10-10,$5M-$10M
Solar Install Pros Solutions Aus 16,https://solarinstallpros.com.au,(92) 4794-1588,info@company365.com.au,"Unit 14, 246 Victoria Rd, Burwood NSW 2117",Nina Patel,50-100,$1M-$2M
Green Energy Solutions Group Aus 5,https://greenenergysolutions.com.au,(72) 4563-6282,info@company366.com.au,"Unit 11, 271 Pacific Hwy, Chatswood NSW 2054",James Taylor,10-100,$5M-$10M
Solar Masters Tech 47,https://solar masters.com.au,(92) 5825-5816,info@company367.com.au,"Unit 15, 714 Liverpool St, Homebush NSW 2136",James Taylor,50-100,$1M-$5M
Solar Masters Tech Aus 42,https://solar masters.com.au,(22) 8217-6981,info@company368.com.au,"Unit 20, 465 Pacific Hwy, Burwood NSW 2004",Sophia Martinez,10-50,$5M-$5M
SunPower Direct Corp Sydney 25,https://sunpowerdirect.com.au,(62) 1669-7311,info@company369.com.au,"Unit 15, 316 Pacific Hwy, Burwood NSW 2130",Lisa Brown,50-100,$1M-$5M
Solaray Energy Energy Aus 29,https://solaray.com.au,(22) 4982-4741,info@company370.com.au,"Unit 23, 425 Pennant St, Homebush NSW 2033",Tom Anderson,10-50,$1M-$10M
Green Energy Solutions Energy NSW 43,https://greenenergysolutions.com.au,(72) 1620-4360,info@company371.com.au,"Unit 12, 254 George St, West Ryde NSW 2088",Emma Wilson,50-10,$5M-$20M
Solaray Energy Power NSW 37,https://solaray.com.au,(22) 3122-3896,info@company372.com.au,"Unit 40, 511 Sussex St, Burwood NSW 2171",Rachel Green,50-100,$2M-$5M
SunPower Direct Energy Aus 36,https://sunpowerdirect.com.au,(62) 6614-9804,info@company373.com.au,"Unit 34, 356 Liverpool St, Sydney NSW 2131",John Smith,50-10,$1M-$5M
Solaray Energy Energy 39,https://solaray.com.au,(62) 2637-2919,info@company374.com.au,"Unit 38, 928 Victoria Rd, Macquarie Park NSW 2170",Nina Patel,5-100,$5M-$2M
Clean Energy Experts Tech Sydney 38,https://cleanenergyexperts.com.au,(32) 5785-9136,info@company375.com.au,"Unit 10, 415 George St, Willoughby NSW 2155",James Taylor,20-30,$10M-$10M
SunPower Direct Corp Aus 28,https://sunpowerdirect.com.au,(22) 4435-3294,info@company376.com.au,"Unit 29, 501 Pacific Hwy, Chatswood NSW 2070",Nina Patel,10-10,$5M-$20M
Green Energy Solutions Corp 36,https://greenenergysolutions.com.au,(82) 7280-4554,info@company377.com.au,"Unit 5, 639 Pennant St, Strathfield NSW 2139",Oliver Garcia,20-30,$5M-$5M
Clean Energy Experts Solutions NSW 20,https://cleanenergyexperts.com.au,(62) 4425-9543,info@company378.com.au,"Unit 48, 85 George St, Burwood NSW 2039",James Taylor,50-10,$2M-$20M
Solar Masters Corp Aus 8,https://solar masters.com.au,(82) 5827-5712,info@company379.com.au,"Unit 14, 47 Market St, Olympic Park NSW 2003",Robert Kim,50-10,$2M-$5M
Renewable Power Co Solutions Sydney 22,https://renewablepowerco.com.au,(72) 2166-1833,info@company380.com.au,"Unit 26, 569 Pacific Hwy, Willoughby NSW 2122",Michael Chen,5-100,$5M-$10M
Solar Solutions Plus Power 43,https://solarsolutionsplus.com.au,(62) 6963-9200,info@company381.com.au,"Unit 39, 20 Pitt St, Ryde NSW 2041",David Lee,20-10,$1M-$2M
Solar Masters Group Sydney 22,https://solar masters.com.au,(72) 4801-5035,info@company382.com.au,"Unit 45, 933 Sussex St, Homebush NSW 2128",Lisa Brown,10-100,$2M-$2M
Solaray Energy Corp 29,https://solaray.com.au,(42) 1749-1307,info@company383.com.au,"Unit 11, 350 Pennant St, Chatswood NSW 2117",Rachel Green,50-10,$5M-$2M
Solar Masters Solutions Sydney 32,https://solar masters.com.au,(92) 9404-1954,info@company384.com.au,"Unit 34, 670 Pacific Hwy, Epping NSW 2104",Sophia Martinez,20-10,$5M-$2M
Solar Masters Energy Sydney 10,https://solar masters.com.au,(72) 7883-6420,info@company385.com.au,"Unit 13, 634 Pitt St, Sydney NSW 2199",Emily Davis,10-30,$5M-$10M
Solaray Energy Group 21,https://solaray.com.au,(52) 3612-1326,info@company386.com.au,"Unit 48, 789 Sussex St, Epping NSW 2138",Nina Patel,20-30,$10M-$5M
Solar Install Pros Corp NSW 9,https://solarinstallpros.com.au,(42) 4051-4449,info@company387.com.au,"Unit 32, 1 Pacific Hwy, Macquarie Park NSW 2037",Sarah Johnson,5-30,$2M-$20M
Solaray Energy Systems Aus 38,https://solaray.com.au,(42) 1779-6198,info@company388.com.au,"Unit 27, 472 Market St, Castle Hill NSW 2042",Oliver Garcia,5-30,$5M-$2M
SunPower Direct Energy NSW 12,https://sunpowerdirect.com.au,(52) 8156-7514,info@company389.com.au,"Unit 20, 311 Clarence St, Macquarie Park NSW 2110",Emma Wilson,50-30,$1M-$5M
Solaray Energy Systems 9,https://solaray.com.au,(82) 7999-9197,info@company390.com.au,"Unit 14, 120 Market St, Epping NSW 2118",Emma Wilson,20-100,$1M-$20M
Solar Tech NSW Energy Aus 31,https://solartechnsw.com.au,(22) 6196-9263,info@company391.com.au,"Unit 34, 675 George St, Strathfield NSW 2153",Sophia Martinez,50-100,$1M-$10M
Solar Install Pros Group NSW 3,https://solarinstallpros.com.au,(62) 4023-9272,info@company392.com.au,"Unit 45, 726 Pacific Hwy, North Sydney NSW 2114",Oliver Garcia,10-30,$5M-$20M
Green Energy Solutions Systems NSW 27,https://greenenergysolutions.com.au,(22) 2886-9182,info@company393.com.au,"Unit 39, 183 Victoria Rd, Macquarie Park NSW 2184",Nina Patel,20-30,$5M-$2M
Solar Solutions Plus Corp Sydney 9,https://solarsolutionsplus.com.au,(22) 8658-2692,info@company394.com.au,"Unit 3, 797 Pennant St, Lane Cove NSW 2085",Michael Chen,50-10,$2M-$10M
Solar Solutions Plus Group Sydney 30,https://solarsolutionsplus.com.au,(72) 5790-3022,info@company395.com.au,"Unit 16, 305 Pacific Hwy, North Sydney NSW 2176",Oliver Garcia,10-30,$5M-$20M
Clean Energy Experts Systems 23,https://cleanenergyexperts.com.au,(32) 9803-6881,info@company396.com.au,"Unit 27, 628 Pennant St, Macquarie Park NSW 2010",Tom Anderson,20-10,$2M-$2M
Solar Install Pros Group Aus 32,https://solarinstallpros.com.au,(92) 7040-5536,info@company397.com.au,"Unit 24, 47 Pennant St, Burwood NSW 2133",Rachel Green,10-10,$10M-$5M
Solar Tech NSW Tech Aus 30,https://solartechnsw.com.au,(22) 6418-9712,info@company398.com.au,"Unit 41, 283 Liverpool St, Parramatta NSW 2070",Emma Wilson,50-50,$2M-$2M
Solar Tech NSW Power Sydney 25,https://solartechnsw.com.au,(72) 3673-1218,info@company399.com.au,"Unit 33, 930 Pitt St, Chatswood NSW 2192",Tom Anderson,20-100,$10M-$20M
SunPower Direct Tech Sydney 15,https://sunpowerdirect.com.au,(92) 3136-2049,info@company400.com.au,"Unit 2, 274 Miller St, Parramatta NSW 2118",Tom Anderson,20-10,$10M-$2M
Solar Install Pros Energy Sydney 45,https://solarinstallpros.com.au,(72) 2362-8123,info@company401.com.au,"Unit 4, 402 Sussex St, Sydney NSW 2047",Oliver Garcia,50-10,$5M-$20M
Solar Tech NSW Group NSW 46,https://solartechnsw.com.au,(42) 4139-6626,info@company402.com.au,"Unit 29, 884 George St, Willoughby NSW 2196",John Smith,10-50,$1M-$2M
SunPower Direct Systems Sydney 32,https://sunpowerdirect.com.au,(72) 6824-8678,info@company403.com.au,"Unit 31, 838 George St, North Sydney NSW 2147",Daniel White,10-100,$10M-$5M
SunPower Direct Solutions Aus 15,https://sunpowerdirect.com.au,(92) 2421-5758,info@company404.com.au,"Unit 1, 110 Pitt St, Ryde NSW 2007",David Lee,10-10,$5M-$5M
Clean Energy Experts Corp NSW 41,https://cleanenergyexperts.com.au,(52) 5559-5875,info@company405.com.au,"Unit 49, 997 Liverpool St, Ryde NSW 2172",Michael Chen,10-10,$2M-$2M
Solaray Energy Energy Aus 4,https://solaray.com.au,(42) 9085-7176,info@company406.com.au,"Unit 3, 72 George St, Lane Cove NSW 2096",Rachel Green,50-100,$2M-$20M
Solar Solutions Plus Solutions Sydney 18,https://solarsolutionsplus.com.au,(92) 1231-9219,info@company407.com.au,"Unit 39, 227 Liverpool St, Chatswood NSW 2116",Lisa Brown,10-50,$1M-$2M
Solar Tech NSW Group Aus 18,https://solartechnsw.com.au,(92) 7914-8075,info@company408.com.au,"Unit 30, 474 Victoria Rd, Ryde NSW 2144",Daniel White,20-50,$10M-$10M
SunPower Direct Systems NSW 26,https://sunpowerdirect.com.au,(82) 7921-9779,info@company409.com.au,"Unit 10, 708 Pennant St, Chatswood NSW 2114",Daniel White,50-30,$1M-$2M
EcoSolar Australia Energy 31,https://ecosolar.com.au,(42) 9073-8856,info@company410.com.au,"Unit 6, 344 George St, Ryde NSW 2160",Emily Davis,5-10,$2M-$20M
SunPower Direct Energy Sydney 49,https://sunpowerdirect.com.au,(92) 2381-7530,info@company411.com.au,"Unit 26, 665 Pacific Hwy, Macquarie Park NSW 2091",Daniel White,20-100,$1M-$10M
Green Energy Solutions Energy Sydney 10,https://greenenergysolutions.com.au,(42) 4769-3465,info@company412.com.au,"Unit 15, 69 Victoria Rd, Lane Cove NSW 2122",Emily Davis,10-10,$1M-$2M
Solar Tech NSW Solutions Sydney 13,https://solartechnsw.com.au,(42) 6323-4824,info@company413.com.au,"Unit 36, 69 Clarence St, Burwood NSW 2158",Robert Kim,20-10,$5M-$10M
Solar Solutions Plus Tech NSW 10,https://solarsolutionsplus.com.au,(22) 4152-9221,info@company414.com.au,"Unit 33, 979 Pennant St, Parramatta NSW 2031",Daniel White,20-100,$5M-$5M
Solar Tech NSW Group Aus 28,https://solartechnsw.com.au,(52) 4602-9192,info@company415.com.au,"Unit 37, 591 Liverpool St, Homebush NSW 2102",James Taylor,10-50,$2M-$2M
Clean Energy Experts Solutions Sydney 30,https://cleanenergyexperts.com.au,(62) 6267-2484,info@company416.com.au,"Unit 18, 578 Miller St, Homebush NSW 2189",Nina Patel,10-30,$5M-$10M
Renewable Power Co Solutions NSW 24,https://renewablepowerco.com.au,(42) 4786-1726,info@company417.com.au,"Unit 44, 311 Pennant St, Castle Hill NSW 2163",Rachel Green,20-30,$5M-$20M
Clean Energy Experts Solutions 20,https://cleanenergyexperts.com.au,(62) 9733-4660,info@company418.com.au,"Unit 17, 64 Market St, Willoughby NSW 2111",Michael Chen,10-50,$2M-$5M
EcoSolar Australia Energy NSW 30,https://ecosolar.com.au,(82) 7154-5298,info@company419.com.au,"Unit 46, 783 Sussex St, North Sydney NSW 2049",James Taylor,20-50,$10M-$20M
SunPower Direct Group Aus 47,https://sunpowerdirect.com.au,(32) 3389-2196,info@company420.com.au,"Unit 14, 841 Miller St, Olympic Park NSW 2058",Lisa Brown,5-100,$2M-$2M
Green Energy Solutions Corp Aus 17,https://greenenergysolutions.com.au,(32) 7552-8332,info@company421.com.au,"Unit 9, 221 Miller St, Burwood NSW 2187",Lisa Brown,50-30,$2M-$10M
Solar Solutions Plus Corp Aus 45,https://solarsolutionsplus.com.au,(82) 7427-8153,info@company422.com.au,"Unit 14, 191 Miller St, Parramatta NSW 2155",Sarah Johnson,50-30,$1M-$20M
Renewable Power Co Group 28,https://renewablepowerco.com.au,(62) 7995-4964,info@company423.com.au,"Unit 26, 550 Market St, Ryde NSW 2088",Oliver Garcia,5-50,$5M-$2M
SunPower Direct Solutions NSW 29,https://sunpowerdirect.com.au,(62) 9885-5812,info@company424.com.au,"Unit 38, 657 Market St, Homebush NSW 2120",Rachel Green,20-30,$5M-$20M
Solar Masters Solutions Sydney 4,https://solar masters.com.au,(52) 9640-8802,info@company425.com.au,"Unit 32, 885 Pennant St, Homebush NSW 2136",David Lee,20-50,$2M-$10M
Renewable Power Co Solutions NSW 19,https://renewablepowerco.com.au,(92) 8488-6557,info@company426.com.au,"Unit 23, 775 Liverpool St, Ryde NSW 2001",Oliver Garcia,10-10,$2M-$5M
Renewable Power Co Systems Aus 39,https://renewablepowerco.com.au,(62) 9595-8314,info@company427.com.au,"Unit 34, 369 Victoria Rd, Olympic Park NSW 2043",Lisa Brown,50-50,$1M-$20M
Green Energy Solutions Tech 8,https://greenenergysolutions.com.au,(92) 4469-1897,info@company428.com.au,"Unit 17, 910 Pacific Hwy, Lane Cove NSW 2174",Emma Wilson,10-50,$2M-$20M
Green Energy Solutions Energy Aus 25,https://greenenergysolutions.com.au,(22) 3384-3536,info@company429.com.au,"Unit 46, 260 George St, Epping NSW 2163",Emma Wilson,10-30,$2M-$20M
Renewable Power Co Energy Aus 22,https://renewablepowerco.com.au,(32) 8627-2167,info@company430.com.au,"Unit 24, 537 Victoria Rd, Homebush NSW 2125",Tom Anderson,10-10,$1M-$20M
Solar Masters Energy Aus 42,https://solar masters.com.au,(82) 6385-2486,info@company431.com.au,"Unit 8, 986 George St, Willoughby NSW 2101",Daniel White,20-50,$1M-$5M
Solar Solutions Plus Corp 37,https://solarsolutionsplus.com.au,(82) 3547-2018,info@company432.com.au,"Unit 19, 693 Miller St, Ryde NSW 2124",Michael Chen,50-10,$1M-$20M
Solaray Energy Corp Aus 30,https://solaray.com.au,(82) 6735-6024,info@company433.com.au,"Unit 14, 604 George St, Olympic Park NSW 2116",Sarah Johnson,50-30,$2M-$20M
Clean Energy Experts Group Sydney 20,https://cleanenergyexperts.com.au,(82) 1808-1518,info@company434.com.au,"Unit 10, 540 Miller St, Parramatta NSW 2195",Sarah Johnson,5-10,$5M-$20M
Solar Tech NSW Systems NSW 42,https://solartechnsw.com.au,(32) 1088-1599,info@company435.com.au,"Unit 36, 482 Sussex St, North Sydney NSW 2198",Rachel Green,20-50,$10M-$5M
Solar Solutions Plus Energy 12,https://solarsolutionsplus.com.au,(82) 8300-5376,info@company436.com.au,"Unit 44, 707 Pennant St, Epping NSW 2037",Oliver Garcia,10-10,$10M-$20M
Solar Tech NSW Energy Aus 48,https://solartechnsw.com.au,(92) 3242-9263,info@company437.com.au,"Unit 17, 101 Liverpool St, Lane Cove NSW 2026",John Smith,10-100,$2M-$20M
Clean Energy Experts Group Sydney 8,https://cleanenergyexperts.com.au,(82) 3208-6033,info@company438.com.au,"Unit 16, 275 Clarence St, Homebush NSW 2112",Daniel White,20-100,$10M-$2M
Solar Tech NSW Power Sydney 10,https://solartechnsw.com.au,(82) 1167-7940,info@company439.com.au,"Unit 5, 166 Pacific Hwy, Macquarie Park NSW 2184",Oliver Garcia,20-10,$5M-$20M
EcoSolar Australia Systems Sydney 21,https://ecosolar.com.au,(22) 5946-5537,info@company440.com.au,"Unit 22, 454 Clarence St, Burwood NSW 2040",James Taylor,5-30,$2M-$20M
Solar Install Pros Solutions NSW 4,https://solarinstallpros.com.au,(82) 9114-8955,info@company441.com.au,"Unit 15, 361 Sussex St, Castle Hill NSW 2082",Lisa Brown,50-30,$10M-$10M
EcoSolar Australia Energy NSW 23,https://ecosolar.com.au,(92) 7511-2918,info@company442.com.au,"Unit 3, 612 Liverpool St, Olympic Park NSW 2043",John Smith,50-10,$2M-$20M
Solar Install Pros Group 17,https://solarinstallpros.com.au,(32) 3375-1303,info@company443.com.au,"Unit 38, 667 Market St, Chatswood NSW 2014",Emma Wilson,5-100,$1M-$5M
Solar Solutions Plus Systems Aus 49,https://solarsolutionsplus.com.au,(62) 1233-2401,info@company444.com.au,"Unit 36, 361 Pennant St, Macquarie Park NSW 2064",Sarah Johnson,50-50,$10M-$20M
SunPower Direct Solutions NSW 34,https://sunpowerdirect.com.au,(72) 1327-5013,info@company445.com.au,"Unit 48, 716 Victoria Rd, Burwood NSW 2187",David Lee,5-10,$2M-$10M
SunPower Direct Corp Sydney 33,https://sunpowerdirect.com.au,(42) 7367-7985,info@company446.com.au,"Unit 1, 735 Victoria Rd, Parramatta NSW 2169",Sarah Johnson,50-100,$2M-$20M
EcoSolar Australia Solutions NSW 13,https://ecosolar.com.au,(32) 9883-1428,info@company447.com.au,"Unit 3, 116 Sussex St, Macquarie Park NSW 2061",James Taylor,5-30,$1M-$10M
Clean Energy Experts Tech NSW 24,https://cleanenergyexperts.com.au,(42) 7943-1318,info@company448.com.au,"Unit 34, 254 Pennant St, Homebush NSW 2036",Rachel Green,50-10,$5M-$2M
Solar Solutions Plus Solutions 44,https://solarsolutionsplus.com.au,(22) 7468-8164,info@company449.com.au,"Unit 42, 357 Market St, Burwood NSW 2077",Michael Chen,5-50,$5M-$5M
Solar Solutions Plus Solutions Aus 12,https://solarsolutionsplus.com.au,(62) 3836-1068,info@company450.com.au,"Unit 7, 813 Sussex St, Willoughby NSW 2045",Daniel White,10-30,$10M-$5M
Clean Energy Experts Group 45,https://cleanenergyexperts.com.au,(72) 4348-3060,info@company451.com.au,"Unit 25, 976 Clarence St, Macquarie Park NSW 2113",Tom Anderson,50-100,$1M-$2M
Solar Tech NSW Corp Aus 33,https://solartechnsw.com.au,(42) 1513-2541,info@company452.com.au,"Unit 6, 62 Pitt St, Willoughby NSW 2107",Michael Chen,20-30,$5M-$5M
Green Energy Solutions Systems NSW 5,https://greenenergysolutions.com.au,(82) 2071-1964,info@company453.com.au,"Unit 48, 524 Clarence St, Lane Cove NSW 2155",David Lee,10-50,$1M-$10M
Solar Install Pros Energy NSW 44,https://solarinstallpros.com.au,(72) 2525-8651,info@company454.com.au,"Unit 21, 362 Miller St, Chatswood NSW 2019",Rachel Green,20-10,$2M-$20M
SunPower Direct Energy NSW 5,https://sunpowerdirect.com.au,(42) 7048-6985,info@company455.com.au,"Unit 19, 199 Pitt St, Homebush NSW 2018",Lisa Brown,50-30,$10M-$2M
Solar Install Pros Group Aus 26,https://solarinstallpros.com.au,(92) 4209-6187,info@company456.com.au,"Unit 27, 948 Pennant St, Lane Cove NSW 2162",Michael Chen,50-100,$1M-$5M
Solar Masters Energy Sydney 31,https://solar masters.com.au,(92) 3072-9404,info@company457.com.au,"Unit 38, 870 Clarence St, Burwood NSW 2150",Michael Chen,50-100,$5M-$20M
Solaray Energy Corp 42,https://solaray.com.au,(82) 7393-8963,info@company458.com.au,"Unit 36, 591 Liverpool St, Ryde NSW 2125",Nina Patel,5-50,$1M-$2M
Solaray Energy Solutions NSW 14,https://solaray.com.au,(82) 8006-3815,info@company459.com.au,"Unit 25, 759 Miller St, Willoughby NSW 2025",John Smith,20-100,$2M-$20M
Clean Energy Experts Solutions 29,https://cleanenergyexperts.com.au,(42) 2355-2909,info@company460.com.au,"Unit 26, 759 Victoria Rd, North Sydney NSW 2006",Robert Kim,20-100,$1M-$20M
Clean Energy Experts Group NSW 34,https://cleanenergyexperts.com.au,(42) 8450-2283,info@company461.com.au,"Unit 38, 104 Pacific Hwy, Olympic Park NSW 2163",Robert Kim,20-100,$5M-$5M
SunPower Direct Corp Sydney 22,https://sunpowerdirect.com.au,(72) 4559-1764,info@company462.com.au,"Unit 8, 716 Pennant St, Burwood NSW 2139",John Smith,5-50,$1M-$2M
Solar Install Pros Group 1,https://solarinstallpros.com.au,(82) 2950-9133,info@company463.com.au,"Unit 40, 443 Miller St, Willoughby NSW 2195",Sophia Martinez,10-30,$5M-$10M
Solar Solutions Plus Energy Sydney 38,https://solarsolutionsplus.com.au,(52) 6370-1737,info@company464.com.au,"Unit 12, 872 Victoria Rd, Epping NSW 2010",Sarah Johnson,5-30,$5M-$20M
Solar Masters Solutions Aus 47,https://solar masters.com.au,(62) 1372-7201,info@company465.com.au,"Unit 27, 121 Pacific Hwy, Lane Cove NSW 2113",Sophia Martinez,5-30,$2M-$2M
Solaray Energy Group Aus 17,https://solaray.com.au,(82) 2115-6972,info@company466.com.au,"Unit 26, 316 Miller St, Ryde NSW 2009",Michael Chen,50-10,$1M-$10M
Green Energy Solutions Tech NSW 44,https://greenenergysolutions.com.au,(32) 4585-8599,info@company467.com.au,"Unit 7, 32 Sussex St, West Ryde NSW 2182",Daniel White,10-30,$5M-$2M
Green Energy Solutions Systems Sydney 32,https://greenenergysolutions.com.au,(92) 5465-9296,info@company468.com.au,"Unit 1, 353 Liverpool St, Sydney NSW 2138",Rachel Green,5-10,$2M-$5M
Renewable Power Co Solutions Aus 12,https://renewablepowerco.com.au,(72) 9927-5793,info@company469.com.au,"Unit 43, 951 Market St, Castle Hill NSW 2092",Nina Patel,20-30,$2M-$20M
Green Energy Solutions Energy NSW 20,https://greenenergysolutions.com.au,(22) 2519-7242,info@company470.com.au,"Unit 34, 489 Pitt St, Willoughby NSW 2053",Michael Chen,5-10,$5M-$20M
Solar Masters Energy Sydney 36,https://solar masters.com.au,(42) 3070-5135,info@company471.com.au,"Unit 38, 564 Pitt St, Epping NSW 2178",Rachel Green,50-30,$1M-$10M
Solar Tech NSW Systems Sydney 37,https://solartechnsw.com.au,(42) 4719-5727,info@company472.com.au,"Unit 19, 846 Pennant St, Sydney NSW 2138",Nina Patel,10-100,$2M-$20M
Solaray Energy Group Aus 49,https://solaray.com.au,(82) 2238-6172,info@company473.com.au,"Unit 39, 409 Pennant St, Lane Cove NSW 2051",Emily Davis,50-50,$1M-$10M
Green Energy Solutions Systems NSW 1,https://greenenergysolutions.com.au,(72) 1427-1673,info@company474.com.au,"Unit 45, 873 Pacific Hwy, Willoughby NSW 2188",David Lee,10-50,$10M-$2M
Solar Install Pros Corp NSW 2,https://solarinstallpros.com.au,(42) 7453-8358,info@company475.com.au,"Unit 23, 59 Pacific Hwy, Strathfield NSW 2147",Tom Anderson,50-30,$1M-$5M
Green Energy Solutions Corp NSW 4,https://greenenergysolutions.com.au,(42) 7625-9610,info@company476.com.au,"Unit 21, 738 Market St, Parramatta NSW 2088",Rachel Green,5-50,$1M-$5M
Green Energy Solutions Solutions 30,https://greenenergysolutions.com.au,(72) 3724-5085,info@company477.com.au,"Unit 7, 224 Clarence St, Ryde NSW 2022",Emma Wilson,20-30,$5M-$2M
Renewable Power Co Systems Sydney 37,https://renewablepowerco.com.au,(42) 8138-2138,info@company478.com.au,"Unit 16, 227 Pitt St, Ryde NSW 2091",Oliver Garcia,5-30,$2M-$10M
Solaray Energy Tech Aus 18,https://solaray.com.au,(72) 4425-6344,info@company479.com.au,"Unit 40, 695 Victoria Rd, Lane Cove NSW 2079",Emma Wilson,20-10,$5M-$10M
EcoSolar Australia Corp 12,https://ecosolar.com.au,(92) 6566-2919,info@company480.com.au,"Unit 27, 678 Liverpool St, Ryde NSW 2024",Robert Kim,5-30,$5M-$10M
Solaray Energy Energy NSW 27,https://solaray.com.au,(62) 7637-6432,info@company481.com.au,"Unit 1, 456 George St, Lane Cove NSW 2010",Rachel Green,50-100,$5M-$20M
Solaray Energy Systems 29,https://solaray.com.au,(72) 9307-5200,info@company482.com.au,"Unit 50, 76 Pacific Hwy, Ryde NSW 2137",Tom Anderson,10-50,$10M-$20M
SunPower Direct Tech 31,https://sunpowerdirect.com.au,(82) 8092-5815,info@company483.com.au,"Unit 28, 849 Pacific Hwy, Lane Cove NSW 2159",James Taylor,10-10,$2M-$20M
EcoSolar Australia Energy Aus 44,https://ecosolar.com.au,(32) 1091-9993,info@company484.com.au,"Unit 11, 114 Clarence St, Olympic Park NSW 2172",Sarah Johnson,20-100,$2M-$5M
Solar Install Pros Solutions 31,https://solarinstallpros.com.au,(52) 7114-2602,info@company485.com.au,"Unit 26, 559 Clarence St, Macquarie Park NSW 2067",Rachel Green,5-50,$1M-$20M
Solar Tech NSW Tech 49,https://solartechnsw.com.au,(62) 5878-6345,info@company486.com.au,"Unit 20, 265 Pennant St, Burwood NSW 2109",James Taylor,50-50,$2M-$20M
Clean Energy Experts Tech Aus 28,https://cleanenergyexperts.com.au,(52) 3842-4870,info@company487.com.au,"Unit 4, 154 Miller St, Macquarie Park NSW 2160",Oliver Garcia,10-30,$5M-$10M
EcoSolar Australia Power 18,https://ecosolar.com.au,(32) 2485-6585,info@company488.com.au,"Unit 18, 190 Pacific Hwy, Ryde NSW 2031",Sophia Martinez,20-100,$1M-$2M
Clean Energy Experts Solutions Aus 22,https://cleanenergyexperts.com.au,(32) 6501-6829,info@company489.com.au,"Unit 29, 688 George St, Burwood NSW 2012",Rachel Green,5-30,$10M-$20M
